review_id,order_id,review_score,review_comment_title,review_comment_message,review_creation_date,review_answer_timestamp
c01eaa86159b994afb4c5eb920993ebc,16e38caa92e342c7780f68832f832d4d,5,,,2018-05-25,2018-05-25 03:45:28
30f2619843ddd4a19bbcb306669d2bf0,5bb8d2fbca419676d395687e28f5263b,5,Muito Bom,Só imaginei que fosse maior a boneca. Mais é legal ,2018-07-24,2018-07-26 22:37:06
1c036db1a8f4f0b4a900e227cd87383d,fcc0c3371e0af4947b6b4c013ecc6e35,4,,O produto chegou conforme anunciado. Gostei.,2018-02-03,2018-02-03 22:38:34
0a5d09b8756d5e3b6effecb5986e394d,9682a979182968d8d0b1a356f8bb330e,5,,,2017-06-17,2017-06-17 23:14:59
642be66d80f7dc6f5947f84daf557d4b,22df89b611e2a03b4957043cf949e51f,5,,,2018-08-28,2018-08-28 13:07:10
8405ac15950641d7378ab0f2bac5e592,d5d0829757e3f168a603b3c272d96fff,5,,"Gostei muito do meu produto só acho que
os panos poderiam ser maiores, mais está
Tudo certo....super recomendo este sitie,
entrega muito antes do prazo...com certeza irei comprar outras vezes.
",2018-03-16,2018-03-17 11:54:55
2202268b4d7bb8d133ffc1eb22dd1967,2282f08c7a3e5bc3e7b84bb444d6e1e6,5,,,2018-04-27,2018-05-01 19:52:47
514556f7494bc6bd447d06550c9e28b3,36e2a95392e7e15e80e0937066007a56,5,,"Produto chegou dentro do prazo especificado pela loja vendedora e em perfeito estado, nenhuma avaria no mesmos.",2018-04-11,2018-04-16 01:31:16
3af8148a09b008f63ecbcbe702fc04f1,63dd1232853b91debb2470c70da85dca,4,,Frete caro,2017-08-26,2017-08-27 18:39:12
e6b1d54707b710b0f0f3b3819f94b8fa,908c02868bb2a9b847e64b23139137e5,5,,,2018-06-27,2018-06-29 20:24:01
7312244806651234199206c84f565453,4cdf8813fc5f4c3d74041453f606868c,1,,Comprei são faz tempo e nada estou indiguinado paguei 279 e cadê meu aparelho,2017-10-25,2017-10-25 09:03:05
246f2acddcff8d69e65339e939d1ee34,e8dea63f68386b3d95962ffb4dc4aaea,5,,,2017-10-26,2017-10-26 16:32:11
b0052a0c9eeaa86bfcdcad33b04baf2f,557feacb7d186d0cacec3e801d38fc8f,5,,"Muito rápido, não abri a embalagem ainda, mas acredito que esteja tudo certo.",2018-01-12,2018-01-12 16:57:27
7a03404f98bb59dc4c1719da32935b88,39a70e9e9b729b11dee34ac12478597f,3,,Achei o produto razoável.,2017-08-23,2017-08-23 23:32:32
dc0438c1f343ae123446a711e6251d13,515ad53b1bdf1d9da25e0c1079a1b242,3,,,2018-06-07,2018-06-10 01:55:10
53e58368e68f4e4816c966505e1680ae,8628cf35f313fe2e46a2168f21860031,5,,,2017-12-13,2017-12-14 12:19:10
a193e8ab376725be9359279757ec055e,bb95c9f509ff2da87b6015a0d9046f0f,5,Ótimo,"Tudo perfeito amei o produto exatamente o que eu precisava.
A loja também várias vezes que compro sempre no prazo certo e produtos bem embalados e excelente preço.",2018-05-15,2018-05-15 22:33:57
07f2357e36a8e6a6c70f4e4d6515aff4,8f2b0c41d21837f8c6d4682867c66ffb,4,,Produto muito bom!!!,2017-06-28,2017-07-01 01:08:31
b928be3a9fb638f4eea31d7da9ba30e5,410cfb42b9a36728a695fe883df04ebf,5,ÓTIMO ATENDIMENTO.,,2018-06-29,2018-07-03 20:15:26
7e3ccbbcbb0291cd475e0a81a7fb9b1c,abd7d619de0d42df3a64707190c05bb6,5,,,2018-08-04,2018-08-05 11:35:37
d65d89af7c074cac7691c06e2179da11,b2da70916ed4e4cde3df9e1381154631,5,,,2017-12-28,2017-12-29 04:43:18
dcb5a99ac081043da014276823f67c51,09a0d7c2cc6f652acd3537e7a91c7000,1,,"No anúncio dizia ""Marca--- Canon"" e eu recebi um produto ""Similar"" ""compatível"". Se eu quisesse um produto falsificado/pirata compraria na minha cidade por 10 reais, não precisaria recorrer à internet",2017-05-20,2017-06-05 18:40:59
32846e905851c460f8572acfdf292d76,d7a1546121d90a9aaae7a851291d2ac6,5,,Entrega feita antes do prazo,2017-11-25,2017-11-29 00:51:05
22d926cae8331cc6e1b2091cd8db9a68,3b1c5a036e0412d8c9dda3d6df67782a,4,,,2017-03-22,2017-03-23 13:12:58
6849f7723dc9e2decae40cd28a27f031,fd117d65267f58ad33d914a3cc317543,5,,"perfeito porque é bem feito e com matéria prima de primeira, adoreu",2018-03-24,2018-03-24 20:36:06
5c43964c63907c03148da5d46ca50c9a,a8011c5b1b6536063a53c05cabf56bb0,1,,,2018-01-25,2018-01-28 11:25:56
79994d95024b6e294eb6ac15ecdcbe74,bd34db34f886a82d2f7e9214b6fd01e0,5,,"Ainda não instalei o produto, mas farei o mesmo na próxima semana",2018-01-24,2018-01-26 22:31:51
030ea5d715585d5854b21ee757a9b58b,cd6d5ca28fe5c4aabf7aec6f2968bd49,1,,"Passou do prazo da entrega, tudo bem que foi 1 dia, mas quando comprei produtos anteriores foram entregues antes do prazo,",2017-12-19,2017-12-19 18:47:04
8760b5561e1fad37d6f95b4eef160459,546c8958ff67b28473cf140ec32a5a91,1,,,2017-12-21,2017-12-22 15:35:22
41e3459f55b302caeecc3c100eda791a,80000ae9d118d79953522e35cce34f13,4,,,2017-03-09,2017-03-13 11:09:09
7563de85aedd1f55fb83d8ab23729940,2cdcc5a4a3365e4e73abd4d0774f8636,5,,,2018-06-23,2018-06-24 03:19:34
d7b9e9e361b04a1893f73db335042e35,f05ef3ecdb7796d93e204c0a7ab76759,5,,,2018-06-07,2018-06-09 23:11:53
840b5b3e721b62bffddd1fb843f2a9cb,19230cac8f45f89fc992b4048422b72e,4,,,2018-03-07,2018-03-09 11:16:51
66996a9ea67eaea88774a32b5a42760f,9458f512472606de1d13e5e0956e72cd,5,,,2018-05-19,2018-05-20 19:11:21
3ab794c31a69c4dd9defa0595803faa3,8b3bda465a61f930742d256916d1d7d9,1,,,2018-03-31,2018-03-31 10:00:55
4150cddb1f59fd4bf4e851acf091c396,bd84b661eb4bfa46487d94324e56dfec,5,,,2017-12-07,2017-12-07 18:58:50
6ce434883ab672c5f6e019058e012a43,e06ff711ddcab05c3651a9b1bb003950,4,,,2017-03-16,2017-03-16 11:58:31
e253b755ab4e38930312e2bd7cec1805,ce8502b200546c12a54e51a65f313f34,5,,,2017-04-08,2017-04-10 11:00:56
3cda46ccd7010d5be20f36f02ab42207,baaaa6a46bf8f53d113193a6a23efbd4,5,,"Rápida entrega! 
Com certeza comprarei nesta loja novamente. ",2017-12-27,2017-12-28 02:50:52
315ba0b0107f81b4bba5059c266c926d,31c97425f34d48507d57e56e0ec2986b,5,,,2017-09-17,2017-09-19 16:37:25
84ecfc9086eec1479f1b6342b2f8ff39,84dae977d83c491ec866b683875db2bf,5,,,2017-08-26,2017-08-28 11:43:45
9f343fdb90ccd7cc51ad9d22dbccba2b,3e7bc2221b2c46fafa06f741386784fc,1,,"recebi a nota fiscal de 6 produtos mas so entregaram 1 , liguei para o lojista e foi ate atencioso falou que tinha enviado os 6 pois ele falou que tinha que fazer uma encomenda(caixa) para cada vidro ",2017-07-25,2017-07-27 19:19:47
59525224cd877f9befcb1ea7876f70d1,61f82b319ee0352b3b8525dfa467e0f2,4,,,2017-11-11,2017-11-13 01:42:50
cc41f3fb112d4dd181bcda6e481fa895,5b7aed674843fc9b20d1c4cef543a761,3,,,2018-05-19,2018-05-21 18:59:31
3113a249fb7e7a44e500acc0a913ddfe,24bbec3490c63fb110f13f2c47a5b559,5,,,2018-03-10,2018-03-11 14:41:03
c5b6b6ac8a0f5a75b16ab4bdef1fec3f,d8c441318d48082352e8592142db807c,1,,"Ainda não recebi o produto, além de ser um prazo mega extenso, não cumpriram com o combinado!

E aii???",2018-03-14,2018-03-14 11:39:53
28304ac6f3673ac20d1013fd01742f77,5b74abebfd5bc1d137d7ade71c5cfd36,5,Muito bom ,Muito profissional a entrega. Perfeito! Ainda teriam 3 dias para entregar e já está na mão. Minha filha é quem agradece. ,2018-08-29,2018-08-30 02:09:31
e060d683fbec3059d25a57b7648cff9d,3a73a24fa6a0d8ffd462fb4bb62e66fc,5,,,2017-12-28,2017-12-29 09:53:04
0387bcfe865238e722e9fc6b76ec93de,8188245de83e27d91f5454e5ce159b89,5,,,2017-11-15,2017-11-16 12:08:56
da08749fa2bb26f01cabbfc2c1e9b70a,f5017de8931860a4492e26d3f22405b6,5,,,2018-01-27,2018-01-29 21:52:37
edada860584e48a4ad8a29699c2d4609,92f4f749aa508d58dee50d9ccdb6c9dd,5,,,2018-07-25,2018-07-26 01:59:37
0f772e13999a23c70b6cf05852119ad4,32733fc014b67ef70fa6039dd8c6ba82,5,,,2017-09-26,2017-09-28 21:56:30
7f592b57c7cdf4d771713da1e7137415,8b761bca5ade41b47694b0225c668b75,5,,.,2017-08-15,2017-08-18 12:58:47
d40d085df96a9ce383eb301f656eae3b,c307181fbf88d38d293774ca900cc802,5,,,2018-04-28,2018-04-29 14:36:08
c63e9a3e71cf42f0ea0fed908b6c170e,378035ea5017f82d47a885f52fff9be1,5,,,2017-05-18,2017-05-19 08:43:06
f23c52958dcc47f00e9768ccb25f5a35,182763e56c47912c77bfd4e730c0fd15,3,,,2017-06-27,2017-06-28 02:23:59
6be662e5ff78f2dafc2b2fce09dcd104,1527028c6f0d2ca7a42e5337dc2762e5,5,Caixa transportada parc c,,2018-05-17,2018-05-20 23:59:47
8db14a011caa605764238c71d5e711c9,72520be5b5b4c32b2ada295436e4472e,5,Mais do que o esperado!,"Produto absolutamente bem embalado e na caixa. Pelo preço achei q seria uma réplica, mas não é. Levei em uma relojoaria e o profissional me assegurou ser uma peça original como as q ele msm fornece.",2018-05-25,2018-05-27 22:04:28
4e942839744c8bda7713c6bc7e8d56ad,c0e1586eda89047d683b2bc7d902037c,5,,,2017-12-19,2017-12-20 10:34:35
a28726914fd84bd6e3e20315e38b3e90,575d1ab8d021ded6ab9bd7340d7b7b42,5,,Produto entregue 1 dia antes do prazo. Otimo serviço..,2018-08-14,2018-08-15 02:51:04
a4a794239fef567117150ee987ad6973,ba8ebbd4a50913dea058ff7695922d95,5,,,2018-06-05,2018-06-08 11:07:58
285833ee051e5332e7b59aeb844bf58e,1d9f8648651f574a2e2e5d8728384f7d,5,,,2017-07-28,2017-07-29 03:11:14
73d074f81b9188c6dc3d3c04b95bf785,df2c3731dcfbe2f0861182b341c71c82,4,,,2018-05-10,2018-05-11 14:00:30
fb6df08bfc9e8eab7bc81fe40aaab167,3c0683f600fc10b269b333bbfba07813,3,,"As capas das maçanetas vieram erradas, na NF consta astra, celta e prisma, na embalagem somente celta e prisma, por fim as maçanetas não servem, meus Astra 08/09 "" locomotiva"". ",2018-01-04,2018-01-04 13:05:41
1bc69c42c41fbbd350a1cf7c5a2d72a9,40ebc9d21ae5f5d7dfd398f87e63f455,5,,,2018-03-18,2018-03-18 12:30:50
3dc5ce70656f1280000a83463de421d4,e631d7417c16066c831e8f2599673235,5,,,2018-01-26,2018-01-27 20:54:06
e2b6f30b9c45cf84b965172279b14bac,378d1ac3d8e22dd46990757398ae8500,4,Muito bom ,Muito boa na data correta ,2018-08-11,2018-08-12 14:47:46
d931df1bc548c2a626750df977155a75,fb469bc8a14b598d891a004c34546078,1,,"Comprei um controle remoto de um modelo específico e me enviaram um ""controle universal"" que não funciona no meu aparelho... Não recomendo...",2017-12-09,2017-12-11 18:56:30
c6dd53beba524e6f33203cec1e017af3,9ff5836df74adba6c5a5cabcfe59bb51,5,,,2018-08-04,2018-08-05 18:29:11
62c39358bc63b71da444a1debfe0b6ff,73287734c7b95e805d54a35d062627f2,4,,,2018-03-22,2018-03-26 12:42:39
3c15004ee749e593c6ee0613d1c96d86,1391644298485796a935f0422f8989e8,1,,"vou registrar queixa no reclameaqui porque, apesar de informar que, me enviaram produto para tensao errada (pedi 110V e mandaram 220V) apresentei reclamaçao e nao me deram satisfaçao",2017-12-13,2017-12-14 01:17:06
4583ddb3607b88e55614a926dc3ec1cd,083ade26303c53b4aa1c779b67d44485,5,,LEGAL,2018-06-16,2018-06-16 19:49:04
65427c6f16460ec95ce585302d8a1e99,19aeea45917083f03541b7d11afc8e2b,5,Muito bom,,2018-06-23,2018-06-26 00:22:41
5c3b9b5b523fd80040b6761721a3f6fe,562f919143bd6544eaad5f3f17ba3da2,5,,,2018-04-27,2018-04-30 11:56:38
af1b52926b6254a27ce5d977c46f5b38,465c942a1c3029a759415e862204114f,5,Ótimo,"Produto e entrava sensacionais!!!
",2018-05-10,2018-05-16 20:07:00
a6aa5c9ba5e983c69a995f02c023ded8,62de3bac0c9f33a23cf2c5c42bff7442,5,,,2017-12-09,2017-12-11 00:33:00
0b5be2fd8f547fae7f6d88573c0b7356,2e233dded5d8af5e2baa5c1fca89a6c6,5,,Gostei e o atendimento ,2017-12-22,2017-12-23 13:47:57
f6f95b35081235721b8e9129051ce0f3,6bb214f60f0b2331b730f74f70dc322f,1,,,2017-05-16,2017-05-18 00:29:04
06a3c317914170820d8fa2e3cd5a9fd0,fd22bd0610424ec9e62c1d98288b51e9,3,,,2017-03-25,2017-03-26 19:47:53
ba130bbec676e94874a0b881861a7f22,ba4b69317916ce7f91187e885404b6a5,5,,,2017-12-16,2017-12-16 04:08:42
e17c6cedc648448a977e5626a2a9d068,b62490833ad4da4f0f696c9358737651,4,,"Muito bom o produto, só acredito que como defesa não é eficaz. Mas vale a pena ter.",2017-11-09,2017-11-16 23:07:20
12c41b4dac4b9b6ba48834fb3b683763,5dc6b1dfab4fc8303ea318faec36a73e,5,,"Produto exatamente igual ao anúncio, porém levou quase 30 dias após a compra para receber.",2018-03-15,2018-03-16 14:44:09
35bd753bc196d9b857c048d1468bab2f,558731462aceb9588378c7c19194d2db,4,,,2018-05-19,2018-05-21 19:47:24
b1fd5bb8d85b5a49f90a0097b3029cd7,3eb08a4c95b522bed075ec059ad858ab,1,,Não gostei por que me mandaram a cor errada,2018-08-18,2018-08-18 18:19:42
a7f238f01b2e5590cbe7212022692012,cd24256f456d55df11e3049017c86d05,5,,Compro sempre e recomendo baratheon ,2017-11-24,2017-11-27 20:05:09
7475affd4d2d911d1b933d38b82bed57,4d0754534d379735eb655a0d2d1edc01,5,,,2017-06-30,2017-07-01 15:38:56
ce54689337a8fece62ae625ec2740c0c,0ae4456639dd07164db5f2433c8f55e4,1,,,2018-06-09,2018-06-11 19:57:21
d8697b1efc93843999ae12298b7a703f,c263f74f0ce9f6d9e0f4608a22a67dfd,5,,,2018-05-16,2018-05-16 19:41:16
7afbad655b63c0a49c1d739280b591b8,540544251975ba4515aebe0ac8525067,1,,"Comprei 2 cartuchos

Recebi apenas 1 cartucho",2017-07-01,2017-07-04 14:08:57
63c761f149aefca945305229a59ba3fc,07440dff5293ea24c5fac25a473c2eef,1,Ruim,Sempre comprei nas lannister é essa foi a primeira vez q comprei e não recebi a mercadoria,2018-04-28,2018-04-28 13:04:56
6b9a600f1bb824da4ca38f65baf42526,736e1922ae60d0d6a89247b851902527,1,Entrega incompleta,"Comprei 04 unidades, e foram entregues apenas 02 pacotes com 01 unidade cada. Ainda não sei se serão entregues as outras 02 unidades faltantes.
De qualquer forma, a entrega deve ser de uma única vez.",2018-07-27,2018-07-28 02:36:10
5cf27bf49f780abcc820610167a56189,7ed3c93013239ad16de7ae81826a2afc,5,,,2017-06-22,2017-06-25 23:40:26
8ed7d7f54affd28604e20ea19d3318f8,bb102364b6a29f9f8683f21e5825595a,5,,Perfeito ,2018-01-24,2018-01-24 18:58:03
90d44b00e32087cb9eb4b5badd90c912,37c8cbbb816470ceb8a3026653cf3d3c,5,,,2018-03-29,2018-04-04 11:18:45
06b74104d71160c7bdaba8b89e2ca3a7,5ec91483e95a827de47b9b592f44d893,5,,,2018-04-13,2018-04-17 12:50:05
c71620085b3d5ee12fcb40cf1c167ebe,dbd09ba24edf3ae2e7ae63685ff34195,5,,Gostei de mais de produto.,2018-04-04,2018-04-05 10:33:25
7268cd9f8709f190cdd73d0190b07a57,79f6acecdfe4f7768f5f399a6be52167,4,,Tamanho bom! Atendeu minhas necessidades,2017-11-01,2017-11-01 22:25:52
15cd7b3f6cde59e26ad7f7ca25e66ce3,b4c45d4cc2a2e24e10d4e20bae928819,5,,,2018-03-17,2018-03-17 21:50:10
c16c3cb47d8291ea00b446e32ecfa531,d2f6b89578aee72f553aad3c76098e63,4,RECOMENDO,PRODUTO MUITO BOM,2018-05-05,2018-05-07 11:32:57
1982a4812e447dc010bd19a701ee03ba,55bde651a2c412e983a9ace2f3e05c5d,4,,,2018-08-16,2018-08-16 23:12:04
f552e7ae201891f34b7d7d1b489d8874,91ad6a8d591e94d9e1ca998185243e2d,5,,,2018-01-06,2018-01-07 11:31:09
acaff599f2bbb6b8995368bab93b6a38,7e4d4a50dc999bcf59d2e055db0f4b37,5,,,2018-01-20,2018-01-22 15:55:42
1a274373ba56f308a9c45e3d2bce3697,f7198d6fd9c02f8d7f7646b213376ddf,1,,"Comprei há um mês atrás e nunca chegou, não existe canal de comunicação eficiente e até pra reclamar q não chegou tive q esperar quase uma semana",2018-03-22,2018-03-24 10:25:25
0c7932c55debb2f4063bcc6c533a87e0,2939b6d48c2488e276205bc547c56aac,5,,,2018-01-12,2018-01-13 10:13:10
a3b2bb735bae4d08807789e03808e597,4f0a2c058df62bfe77f0e0e1e1ca66eb,3,,,2018-03-06,2018-03-09 01:38:38
e6c8f2ab517ef19dd0a02a771fecc827,008a40c2b8b21893e04945ce58854b55,1,,Esperando o produto para avaliar ,2018-05-09,2018-05-09 21:20:32
8ab87c4e09b7c1f1f8ea576a84513604,57490284e3524fb4b1c4112fa966cbde,5,ok,,2018-07-11,2018-07-12 01:34:35
d064c2d08b9c84bf45ba917282412ab3,7cbb15d12a1bb13fde596f305857b22e,5,,,2018-04-06,2018-04-08 15:32:02
6028c5b557d83ae5012c64908383ff9f,67b50899f52995848c427e361e10dde3,1,,,2018-06-28,2018-06-28 17:00:58
514a7f033c82d8c49decfd331c0509f7,c8ccac7f59cb2c602959eb4586aa9b15,1,,Cadê meu produto,2018-01-17,2018-01-21 05:55:23
7968fb23803c69d0dbb64ddc0e6637ea,6fd39a1adde54d0a5e6fe5ddc6c8784a,5,,"Chegou antes do prazo,igual o da foto adorei.",2018-04-20,2018-04-23 03:38:43
345bed776bce866ad8444fe11d619f59,bf247f0c5b4e3a8993f0e0e1f0d4ff87,1,,"Os produtos foram entregues mas, 1 espelho estava quebrado.
Como faço para trocar?
Sou o Síndico do Condomínio.",2018-02-06,2018-02-07 15:21:52
8d652c40dddb2f5bdf08c784e99c55ed,e6bed0846d5d268bf1ebcf66eab19a42,1,,É a primeira vez que há atraso nos meus pedidos. ,2018-04-07,2018-04-07 16:13:59
99eadc591a8891e0ec5b79ac8a476f93,366446679f4ddbffb2d8934f1abef1f8,5,,recebi no prazo e recomendo muito bom ,2018-05-01,2018-05-06 20:02:33
329e25b21f481e37944d51ece2d3ddef,51c064ec2d79d398b30db3f8e1de8ec8,5,,,2017-05-11,2017-05-16 22:06:19
ad41656664888758b1c9c92c142130a5,22a1a580ac153c5e2f469d27ad6a4e3d,1,,"O produto não veio na cor Escolhida fiquei desepisionado,não sei o que fazer.
",2018-04-24,2018-04-25 01:13:47
fe2b57c56eb4d1d5062c6c066bfc14f3,f6806cb575dffe2dd24873502bc0b413,1,,Os cartuchos não funcionaram na minha impressora HP3050.,2018-07-06,2018-07-09 00:39:24
06601f008499836fa272eddf1a8ca538,b48959225675859f01913fbd8cb4abe6,5,,,2018-08-16,2018-08-17 12:43:10
a1b1ab68dcf6fa802664fc942fc7c6ce,5d63bb487d989ba0efdbe1ff166bd38b,5,,,2017-09-05,2017-09-09 13:52:04
f72cb5a49cf65547bcf2889d2285270d,0124e0c5bfae1979838a91e47df53f14,4,,,2018-02-16,2018-02-16 22:30:23
d54724ab5b9665127785f8883a2169ab,84d1f58195cae334b50f9088b38b3495,5,,,2017-05-12,2017-05-15 10:51:54
f9f3684248f9d0e8353ec77dbb60ced1,33c1911ef3652a03c6cb098b9399b1d3,5,,,2018-07-10,2018-07-13 00:05:47
3bdf54aab6fde663450c39b2cac03c69,af85e6e8c9f67f653b51429df7839001,1,,Empresa sem credibilidade.,2018-04-08,2018-04-08 14:40:40
4bd9e4744bded7a2390fabf2eab110ac,4cf6bc9c5e6ff30151bfb6f92f791b28,4,,,2017-07-13,2017-07-13 23:25:43
0b0f44daa70755caf4883dc0a300b19e,a54a12a470f9a5a89f1a1f19607959ca,5,super recomendo,"produto muito bom...
ótimo atendimento, entrega no prazo.
 estou muito satisfeito.....",2018-06-30,2018-08-04 18:33:28
c8957d15f079762d05e97063b0b6756d,2e914af8bdaefffc2e6ea38a39a64d4a,4,,Excelente relógio ,2017-09-16,2017-09-18 17:25:03
8b424645905cc609366a1efab5feab8b,4759dc5cd30f8e283de04872dd5446cd,4,,,2018-06-21,2018-06-21 16:36:20
df3a25a8cf064b1bf4ca977d7ecfc9d9,720e866ff68ce671cb5b7d04eaeac897,5,,,2017-12-03,2017-12-03 20:43:22
6006de8846364de064fbcec805ec6a7d,f8f5a61defba49f13a7e21a369026f04,1,,"Não tenho informações nenhuma do meu pedido, se vou recebe-lo ou o problema que aconteceu. Não consigo contato para essas devidas informações.",2017-11-12,2017-11-12 10:38:35
79b10e7b1fe8f462b8fb61bdf60118e0,ebcefe69d0a823b45706b43bde0e0d77,5,,O problema foi do site. Pois chegou dois pedidos iguais. Mas tá de boas ,2017-06-21,2017-06-22 00:26:24
923aa1f6c704f3ff80917707255168a6,394d17c2b71a726e205caaeee3d2aa3d,5,,,2018-08-10,2018-08-10 10:26:16
2287ce2b6ce5cf7f239223ff3b06069a,20a2e132c352b08f18529a9478c011c1,5,,,2017-10-18,2017-10-20 14:52:23
16814e4d2e1cb7da90f927f41cb1bb77,99f10393ec3328b3b416a154afd5d714,5,,,2017-08-05,2017-08-07 19:26:10
688cbd12d6c521ab52a6439f25f6ce67,08202fbf5047a2f85a0983ac291a69fb,5,,,2017-04-12,2017-04-18 14:02:43
0a2157168b60711364eae5c42873ab89,72c81a6a9dcf354f87393c361caa13ce,5,Produto de boa qualidade,"E muito bom poder confiar em uma loja virtual produto de boa qualidade e muito rápido a entrega ,ótimo trabalho!",2018-07-25,2018-07-27 22:26:50
f01aaa0150e499f0c268f8efc9d2182f,3d34e2eec4245acada65a41a949f2568,1,Recebi apenas 1,Comprei 2 e recebi apenas 1 unidade do produto. Não veio nenhum comunicado ou justificativa. Aguardo regularização da situação.,2018-06-20,2018-06-21 15:37:26
e84e257b0071a6463a605826c0f8d3f0,e44411a5a41caaf23d52f1600d31d888,5,,,2018-04-10,2018-04-12 18:52:44
63bc958a29ce4306d4ccb83c7377dc40,8fad1f3654133d30218cd4b6fae827ee,4,,,2017-06-23,2017-06-24 12:39:00
f803f9a978c8eb47c196cff020eff52c,95de62498e177002f6ef1949e2e788ea,4,,,2018-02-17,2018-02-19 14:26:30
87488b800eaf08e58d25d72930061d64,a0f8cdef3a3387782a94be2247a45238,3,,"Bom produto.
",2018-07-10,2018-08-04 00:17:04
ad72848c5e6ec235c0f71ac77333307c,20e8735e683506f2f09e1a0e00f8114a,5,,,2018-02-21,2018-02-22 11:07:08
0278efd9e9b69b5722b4fb10fc0a3c60,17e5131fe1d4b1a8dc14d4a66914f9d7,5,,,2017-10-20,2017-10-21 03:06:54
ec3405bc3869522ebf98a62ddbe2bb05,fe8568b0167c1e87d6f1dab1033c9278,5,,"Tudo trancscorreu tranquilamente.
Excelente serviço.",2018-04-11,2018-04-12 07:02:38
8b904d7a7dd42544fc4adc1a1acc6711,3deae78fe543fe7c561f18a237ad309e,5,,Produto OK e entrega super rápida,2017-11-26,2017-11-26 20:40:21
b6e92837a785c546fdd68aefed24016a,8bca89b4311c48e6e6a22acd5cebd242,5,,Entrega antes do prazo.Super satisfeita.,2017-04-06,2017-04-10 16:40:54
2553e7a7c2962eb06cae26643d8f682d,65a9d3006386a380f4b594577a01cef0,5,,,2018-02-20,2018-02-23 13:08:33
d2f938892a8fb04658f08d01fb402526,480295bd3b66aeb4f624e16dc17a7412,5,Excelente atendimento.,,2018-06-08,2018-06-08 19:35:53
43dc285f9ce66d3f419b0330e81d22a3,4fab84dd561f10bb9c98293f34d749fa,5,,muito bom,2018-07-12,2018-08-01 20:08:38
c92d011a07956f0563a0ce2677100b29,a3a0cfe6661449e2d725b5b1ff658d84,5,,,2018-07-21,2018-07-25 19:23:40
1285df5f7ee3de3b716a93d373a77df2,2bc2d6094a9d3a086277687c589123af,5,,,2018-04-14,2018-04-17 23:45:06
5f0111829b047538ac5ecb8bf5a98844,3db52c1df4d52ab19d7e7365d647f6fc,5,,,2018-06-05,2018-06-06 00:29:26
96aed235a791b12edba9daadb3152e8e,1e48c52ecdb582b211ad22ae74ad2247,5,,,2017-09-05,2017-09-06 11:55:45
058bf7235b99d44cefc0359d3a2b325f,09fd9b0402ed675bbd1ee1e81171ac7c,5,Produto certo e rápido,Produto correto e entrega entregue em tempo ótimo,2018-08-30,2018-09-08 12:26:31
05ca1babda6d602bf6ca2e0870c12da2,43ada20efaad1c2c55197dd39050267f,5,,Produto chegou perfeito.,2018-01-04,2018-01-12 09:45:09
9db6d55af85d9d68dfb27a3326919cb7,fcc13f1fc01aacaf59da3b5bbc2e1b9e,3,,,2018-05-17,2018-05-20 22:12:38
0fb840cb14a4f4706265ecc90a3b1fed,1166ac5af4262300b61e079c496223c6,4,,,2018-08-23,2018-08-26 10:55:33
d78e06ac8c5c0abe9f0d0ec9e49bc772,e1cbc1e8c3204aaecc891d1392f7b4d7,5,,,2018-02-16,2018-02-19 11:33:06
d9936355aee6f0c1cdf7ea52f100fa86,0f1c3e42f560452d091c6906f9accb48,5,,,2018-04-14,2018-04-16 19:56:44
78b9efb8261b5e02ccf0006b685c9afc,23fb5e6768dd0cf8df7aaa74d80f8ec6,3,,,2017-12-27,2017-12-30 00:28:25
0192fd0440f0ba2d289d2157b0f8dabf,7e28a3542ea8306e42298ea3718222ee,5,,,2017-12-27,2017-12-27 18:38:42
0c2915e69ee09c18b9c15b8035bdc5ff,a4b276bd4a9eba543ec90cdf29a67308,4,,"Manta bonita e grande, exatamente como estava no site. Gostei!!!
",2017-06-20,2017-06-21 00:14:13
75f91e575b47d638333669c942454309,4148591d51d8741aef65abefd186887b,4,,,2018-05-09,2018-05-09 23:26:50
78f97e5e30b6ddf3bfeae5d21ed2494f,44259226d73d340f929777553ecf199b,5,,,2018-04-18,2018-04-24 13:19:54
6dc4267f3a7537c9513f5f6cbf07c70f,d9d3adfb459cf80f45139992eb4283e5,4,,"Produto mais claro do que aparenta, o vermelho é claro, quase laranja",2018-04-18,2018-04-18 22:59:09
f555e112c09ed12e3ed67fabc21b7840,4cea4082bde3d6f0846e8a5537f3eeb4,5,,,2017-12-14,2017-12-15 00:33:41
6ee76a4f3dfa7c16f5b2e4c9a66134bc,c8426a2c3cc5c11e8aa0789c3238d4d9,5,,,2017-10-25,2017-10-25 20:20:59
47362ecf1f01733c13b5710b17eb4252,d33a24a5ea67f8f5a06b0a32e53f3acf,4,,"Produto chegou antes do prazo, mas na foto parece ser maior do que realmente é, mas gostei muito",2017-05-24,2017-05-25 13:53:35
cfdf4985d57615143f120e83431f493f,8747a928f786c8b31e0afb1b815886bc,4,,"o produto é otimo, lindo do jeito que esta na foto ,a unica questao que deve foi q o produto deu com entregue no site e, só chegou depois de 5 dias ..",2017-12-06,2017-12-12 18:46:29
b72cc1e57cf129b660c80e0c7b5563d7,8d47ca771c5f1f48f545ecf4a7c85f82,4,,Perfeito ,2017-08-23,2017-08-26 22:44:27
4d3fe38b645651ce5af82d9cf17b4a76,2bfd14409ba8ba1153ce42b2abc44bb8,5,,foi entregue antes do prazo adorei,2018-01-06,2018-01-15 18:14:55
df97d5d466dece71600409d20dc4fb64,e956fad47f301a19144afead1786de9d,5,,,2017-11-29,2017-11-29 22:54:54
91559a9c610b44fbc2680b8109bc3a91,a25b9ed9a3a53f53489c105482625129,1,Problema,"Infelizmente tive um problema com o aparelho,e o mesmo terá que ser feito troca.",2018-06-26,2018-06-26 19:31:00
1290b50d619fcaa9eaccf0d362fbdd35,c05b9a60de6b80604843d2f4d40c8a67,3,,"Produto muito bom, tiver que na agência dos Correios buscar o produto.",2018-03-20,2018-03-22 21:58:27
2263283f38279ce4c9bbc4deaad5310a,ee02ac266a995c96fa748ee29a6986aa,4,,,2018-06-10,2018-06-10 16:17:56
71c3d3e07f636e04cb57bc14eab88437,9eaec2635ebf99416ead21c62ef53f67,4,,,2018-01-04,2018-01-06 01:36:51
ad14cfdcd44fded9b674b3e442ecaaa4,3431dbb0c64629bd76dc81b736c46e4d,4,,,2018-03-23,2018-03-26 14:41:23
6429d643c915c92d79e7cc6ac0997a0d,38ac62af1b354671501c9bbfc55bf187,1,,"Boa noie o produto foi entregue na cor errada , eu pedi na cor preto e veio branco . Lamentavel .",2018-03-07,2018-03-13 01:32:06
ee23f96c6ae0babfe97073e0d3e0251f,0c5c8063a673f3c44b6499053e534ccb,5,,"Entrega antes do prazo, continuarei a comprar.",2018-01-18,2018-01-18 21:48:43
ddb3b47ec971687aa9b55e9ab66ffc2d,3c952cb06605958c5ca2fc2d28f2c8c4,5,,,2017-05-06,2017-05-09 14:40:47
d10559efbf2be8ef26c1d07736510d20,8718a4ef6a9e45012bb3e595f0b5286c,5,,,2018-07-24,2018-07-24 20:31:48
96e4a22436bf8610f829e512f1fc263f,278ffae8d541775ba53338a54ee391a3,5,,,2017-10-31,2017-11-05 12:00:57
8398f4a9cebce19367a87cd302ca03ab,53649523b54a1a986fe35c9cbb2bd082,1,,,2017-07-27,2017-07-28 16:31:33
62f4a1f0ed144d2cb182a4924a360264,377627ea55b004e8d55a2af17ba3c0e1,5,Entrega rapida,Entrega rápida como sempre,2018-05-23,2018-05-24 01:31:39
333c8710548ff5bf8a01be5cce1b25cd,2e4d78cc067d04eaaf791ecbfb2bc3ce,5,,,2018-04-18,2018-04-19 08:53:44
ce50fe817db66b6b6d9de227ef067ae9,def90fc6c7d21d34a14af3d6e4d866b6,4,,,2018-04-19,2018-04-21 14:44:19
a1b32d5b405e8a5b4aff7b1faa9e8f81,5b649740381032adc79831802d8d221a,3,,,2017-11-14,2017-11-16 19:53:16
82e7af10162e29244114b859862e4c18,8e2cbf2f771a9e3db9a33a324d3a2b0c,3,,,2018-02-24,2018-02-28 01:28:21
90b34f08e180fe1aa74fe2f004a5a8b5,cd408e86c9fe1cc69f5a38cc5be773bd,5,,,2018-08-22,2018-08-23 17:31:20
46bafba3877fce82d2daf3c296e8f22e,93d8685fec4218f06bf202723dc1da52,1,,"NAO RECEBI O PRODUTO E NEM O DINHEIRO DE VOLTA.
PRECISO DE UMA SOLUÇÃO URGENTE SE NÃO TEREI QUE IR AO PROCON",2017-03-25,2017-06-27 11:52:54
fd24b62afd75e48307c9dd77a563c937,a7e689c27f1d23e34aa301cb76b36d3b,5,,,2018-05-04,2018-05-06 22:15:11
bf74814b45e5cdbc6e5f6f83a48d1140,8a2d731a57d62d23bbf9556f80343140,5,,,2017-06-23,2017-06-30 15:39:21
b3cb24d4015424a27df0ff280e030388,80aa9c31556571f08988f12dc07476e1,2,,,2018-07-26,2018-07-27 04:29:21
c522c1c7f704cb0e202fcbba1a5627de,3b1bf20520476dc7b150dd52f521e525,4,,,2017-06-03,2017-06-04 10:21:43
c9a264d9ff7f9941c39510e8124afb21,9d7798901074855d45d6c586a0714942,1,,Desde o dia 24/04 este produto está na sede dos correios em Jacarepaguá e não foi entregue.. Estive no local no dia 28/04 e nenhum funcionário soube explicar.. Nota zero p o serviço,2017-04-29,2017-05-02 03:49:12
44b33be7e06ccc9291d9282a00df5d85,4fe73718f01ee4a8a5edb8f5c72d1994,5,,,2017-09-04,2017-09-04 15:39:02
36eebeef293f303691496054db3ed9cb,056a1317ffaefaa2dff2d9ecb54fc7bc,5,, Comunico que recebi o produto que haviam cancelado pois o que realmente comprei seguindo os passos da entrega chegou no dia anterior.. Quero saber qual procedimento para devolução .,2018-03-09,2018-03-09 20:47:23
132cc357f406988496738a702bd8a54a,b1d045cd447d2961b72e0d67c18f5d94,5,,"Rápido na entrega parabéns 
",2017-06-27,2017-06-27 23:07:15
f9624eceba9f65e01d0815bd8acda764,fbbd2baf2d839f10d73c99b4642ce46b,5,,,2018-04-13,2018-04-14 01:14:32
8a116b2b95e12333041e8761a3023ba6,0739104e30e20de6c0956c0889a9b9dc,5,Otimo. ,Fiquei muito satisfeita. ,2018-08-28,2018-08-28 20:07:12
534d28ecf44d4c5332c53b1a35f95560,b2b86f50f1d5ec8763fc9fc6894ac6c4,5,,,2018-08-04,2018-08-05 13:44:32
998ab461a3580ea262ebd0f83cf90fa5,f9114a9615fd4c8a09fa0768afb4a8f6,5,,,2018-03-22,2018-03-24 22:20:05
c275c768967a90b4ef54ec434dc291af,2b9319f90cac6853394132c982ff27bf,5,,"Muito bom, muito confortável para dormir.",2018-02-09,2018-02-09 20:10:38
c5557ef43e7b1ec8e1926654f089848f,315da0cfbc485bb00c12a581077cf7b2,1,,O produto não foi entregue. Aguardo providências urgente.,2017-03-16,2017-03-22 00:20:22
d1e6f1083ae1d0b997f39b540c52814e,04e45523ce26353e6ba6a713afd77b82,5,,,2018-03-21,2018-03-23 03:38:42
3f4d0b74e4f3cdb458ce7162a5ae2b00,be0cc702e034bfbeba1a8a006eb9dce5,5,,Super recomendo,2017-12-15,2017-12-18 13:37:20
b9e637f0dc50f898cf987d355ba93130,bbfaea06953d72e48fcf89341d352638,3,,Eu recebi apenas um produto. O outro produto ainda não recebi.,2018-01-26,2018-01-26 12:08:41
aea32e5ec0056de50f500bc0d9f10999,eea6beb3e8f3a7eafaf03ea844ae6021,2,Não recomendo,Ainda aguardando o produto chegar.,2018-07-14,2018-07-31 12:50:07
8dad6d974a28982076204b8421c51a86,b6f243cc1d05e11375858c88a032ac32,4,,"Produto condizente com foto e descrição, bem embalado e entrega dentro do prazo.
Uma observação importante é que o rastreamento do pedido estava desatualizado quando recebemos o produto.",2018-03-06,2018-03-07 15:10:48
85bf9126ff24b24ba52849911de85ffa,299a5bd1c2d7b32f5108fe0e84661e5d,5,,"A estrega estava prevista para o dia 05/02/2018 e chegou em 03/01/2018. Super recomendo.
Produto como descrito, não muito resistente mais atendes as expectativas. 
",2018-01-04,2018-01-05 00:04:17
ea5fdb625af1653c46247a7bcefa1b8e,5bca61e411c4fcce08327a8efc371911,1,,,2018-07-13,2018-07-16 14:44:02
033519465866841820f8f1b8e812cff0,c5f692a4e47f015faa3f8a9b9d36aa03,5,,"Ótima compra, o prazo era para o dia 28, e chegou no dia 10.
Eu paguei a entrega econômica. Super recomendo essa loja.",2017-08-11,2017-08-12 11:27:19
56b56f7a77a128281677bc5966b1de36,fea5a631859ef3c5c4a7ee9ff36096a8,4,,,2017-11-05,2017-11-06 01:36:50
8dea895179cf4b3747b2da88902fb528,0f93c58739ea2f69d93afa96a7a07855,3,,,2017-12-08,2017-12-11 18:59:27
1e41a8e510eb1a4d422cdaec6a3f1bb0,6d8d35fe33dba5876a6748e641de5058,4,,Produto conforme anuncio no site do stark.,2017-12-28,2017-12-30 19:23:12
6c82b0784375cef646a084444b46a302,e59dbfb7d81fd513f1ffa941fe849c57,5,,,2017-12-23,2018-01-04 10:04:16
d713868ddf0caa07c458c122914de67c,882c447d8edd3d32db6a03ff2fc74f8f,5,Ótimo!,"Além ver excelente qualidade, tudo ocorreu perfeitamente!",2018-05-17,2018-05-20 14:01:45
a20332ca3e9807d11885ddb3bbd94c3b,7e09cc861487709e81e6c729d2635208,5,,,2017-12-23,2017-12-27 13:44:06
5c0dfd23d4f533cbe969e5438b070f8a,0a020ef040e4b3065551bb31e0aca1cd,5,,,2017-09-14,2017-09-15 10:43:39
014814de24b3fa4f75ce23fd434b6461,43b29d0de4927fa24f56341687c9e06e,4,,Entrega dentro do prazo. ,2017-05-16,2017-05-19 01:16:13
e9d95aa28b7065d29955d9ddeed961aa,a45087c16cf11897252052baabb332c0,5,,,2017-09-12,2017-09-13 11:00:23
2d1dcd393c620a989e1f05454cabcd68,317c2c773295f70b67e5511ccd55f81c,3,,,2017-08-10,2017-08-10 19:43:26
4ee8164e71b4437f4e5b7aef68d696b8,47906fd263e2a0253d9db8a730f02abe,5,ainda nao comecei a usar,a entrega chegou antes do previsto.,2018-06-28,2018-07-02 20:01:01
aadfe5933df006b51ffd3e86044ebbbf,6b751a27edaaa33537b2e893d7fd18ce,5,,,2018-02-21,2018-02-21 21:57:56
d2685d708ee3a49340a50dd2184deadc,1c4b283e95602be28c975207016558f1,2,,PRODUTO NAO ESTA CORRETO,2018-08-08,2018-08-09 11:35:22
29f61e62df3743b3386ade3b772bbd97,edc9fcd5f5ab3aa69901aa991026ee0c,5,,,2017-06-15,2017-06-17 23:26:22
d7f746483bf90eed743a08ae4230916e,a61bafa3b59313a79ecd7be1ca2a2477,5,,,2018-04-06,2018-04-06 20:30:58
fb8a2b6c740c5a722c6539b13a6825e9,6699d7eb202a80ad0dd024134fe5ed60,5,,,2018-01-25,2018-01-26 02:56:15
61e41976b2efe4d2d06e39957ee85412,51879b7474407f56048b6c36cc3e263c,5,,,2018-08-10,2018-08-10 06:22:30
ba60f590f69dc8f2569aae20544dfa85,699b7692e65138e6874b4c6f42202974,5,,"Produto de qualidade e fidelidade, além de rápida entrega. Recomendo. ",2018-03-22,2018-03-23 00:58:03
3bf314ee0150ba633115f8cb2adb09c2,ea9a48e8b350731ae78378381394a086,1,,Não comprarei mais mesa loja.,2018-03-17,2018-03-18 01:43:57
58f9d5ec18e668bee42663e9e800b86f,7f922477f06db4ab69f6f173f439088e,4,Muito bom!!,"Entrega rápida, produto de boa qualidade.",2018-06-16,2018-06-20 02:34:59
2d429ce01053c817a12c0c4429931166,0965b209e76b9ac20f7dc673c735ade3,3,,,2018-03-08,2018-03-09 01:08:39
571c7393be84ebb3ee54a4428e4e571a,dfa1e5a290276c05629e2d4180ce6aff,5,,Entrega rápida. Muito bom,2017-03-18,2017-03-20 13:11:45
dbd0902a7c4bf354dba05bc5a68c5a96,b97811f6db9883c21f70f10be990b22b,5,,Ótima qualidade,2017-06-30,2017-07-01 01:18:32
8f810dbd3edb58446a18beddfa3e754c,fb7b22bb2a29860909a25f91510e4292,4,,,2018-08-28,2018-08-29 00:33:33
ab41d5c85e463b4b6680c64d14bdb48b,e592e00712df4f05bd73ad01993c0251,5,,,2018-05-08,2018-05-11 19:32:19
5bc1f364015794e43706f252cd60be6d,e3c291c9bddfedee62c613abb89f859e,1,,,2017-12-06,2017-12-07 01:35:31
cae1ab131c1b47321fcffca2b1bb1190,e389f1491d9b728672f73f3d7be14533,3,,,2018-01-09,2018-01-10 07:59:24
00b90674df5acad6d8881e411b95b37f,a67f04f0a3022835f86664a0070fe36e,5,,,2017-07-27,2017-07-31 16:57:48
e6ac16e46670515369ec6cce613ca3f4,d7ebfa9a59497087b6f2383f00689fcf,5,,,2017-11-15,2017-11-16 13:39:02
718b968d6be4cab5fed4b383891627e5,6813f213a0d422a84a0e231bffc5fda8,3,,,2017-12-05,2017-12-05 20:16:44
8eba4f40fde16edb160237f9d68a4176,4cddfa3db1f20697139ba4a46c4fd399,4,,,2017-08-18,2017-08-20 19:24:55
822f239dac4cfd170caed88728ae4f51,c8d07bf0161cd0a2aacc163c238f397e,5,,Produto entregue entes do prazo.,2017-07-14,2017-07-16 23:28:41
9a93eaf9096a3c50bba848e77b786743,6c04516be61ae90e04756c3290c405b7,5,,,2017-09-29,2017-09-29 21:11:45
ddca3523ec355569960c6219cc22a28c,24df3585323f6a191abb565d1706daf2,4,,,2018-08-29,2018-08-31 12:10:36
64d342f8c5f00d2bfa25626afb1a0939,b7c3462b308e3d9d375ba7d120ee0893,4,,"Produto entregue em boas condições, numa embalagem bem segura, no prazo informado. ",2017-04-21,2017-04-24 14:13:33
c42be19fcda88ac79db90671e3fa9944,cdc8b4ad3c6deb7fc303fb91abe7bc0f,4,,,2018-03-14,2018-03-15 11:55:35
8ba6a4b4b24d6172b8ad097ebab1f292,249ec92a8757d3abe81210827a19f08f,1,Ausência de informação ,"Ausência de informação sobre o produto induz à compra incorreta. Com a ausência de informação sobre tamanho da camiseta induz a pensar que seja tamanho único. O produto recebido no entanto, era P.",2018-06-20,2018-06-21 15:55:33
ef7275d190293455b245e0322b0558a2,a5849d6f70582d4c5217bac6616a45fa,5,Muito bom ,,2018-08-21,2018-08-22 01:12:20
dacb5a301d8cddb82dabea3d920b08c3,906d4efc060eee725d73e93dc6de8eee,2,,,2017-11-14,2017-11-18 13:44:51
4c3e73782790b5fd56cf8ac043fe027c,32f7f9fd01c6b5592202b48442caa441,4,,Gostei muito do produto e chegou antes do prazo.,2017-08-23,2017-08-23 21:51:48
31699a708efb081d65ff7921eac81728,1ade3ab91063ad2d577331b0258b1120,5,,,2018-07-11,2018-07-12 17:20:34
d639ed96841449e74764868c29f47b49,8c5c95d76d1bd802cde533288848d786,4,,,2018-01-30,2018-01-31 03:11:13
949cc0583cfcc420850304c66c32b8bb,1dd524259037e53865e1fbee3697183b,3,,"Faltou o kit do teflon que foi cobrado $10,00 a mais.",2017-06-24,2017-06-27 10:42:16
ba094fda1fa4427a329c2a39adddaad0,f11d659584813daadb19252b9659a670,5,,,2018-03-22,2018-03-23 14:12:21
e0019ab7c4d0ce1a22aaf3688d5bb61f,f2228e3e55ff956909ad7750f08516fd,5,,,2018-04-12,2018-04-13 11:09:23
c4f9fc857bd9e8a92ffd9a7f7e2070d2,6e15cbf7d3e8a1099a5be2702e863ef1,1,,O produto é falsificado.,2018-01-13,2018-01-13 18:12:03
332a72420f3d8729d2bfdbfb55e96cf1,cdab66293e2e4ea2b956d8016c5ad97d,5,,"Site claro e objetivo, comprometimento com o cliente, prazo de entrega superou a data proposta.",2017-12-23,2017-12-26 03:50:33
84e79be9c53bff75fe1607fb34a5918f,989829039549b9b62b547646ee72c034,4,,,2018-02-23,2018-02-23 17:37:09
6eb9e518070839597f4d35f908f89521,0c11df2b80d95b1eabdcdf3790bb3347,5,,O fichário que eu comprei veio bem rápido e estava muito bem embalado. ,2018-03-25,2018-03-31 21:58:54
e1a424695e403367e373d7354d1724b7,f23a4132d42810c7f591d372282ae3eb,3,Produto Ok,O produto é compatível com o preço.,2018-07-24,2018-07-27 01:24:41
e13ec6f240d3a8d113945906b19d2fc4,1fbebbbba3149f89e410951ca531cae2,4,,O anel ficou apertado teria que ser um número maior. Como faço para trocar..,2018-04-14,2018-04-15 04:37:30
4eacf70563faad69e378f6109deec55a,6423db30ee1e8cbd5d066f414bde1a0e,5,Carregador bateria ,Produto bom prazo de entrega ótimo ,2018-04-27,2018-04-29 12:43:22
885b1b064bd1bfe01ab1a0ead29a542e,d2eb9999568d1bba9d671c53926039cc,5,,"Bom, chegou antes do prazo.",2018-07-24,2018-07-27 10:57:30
786a501924bcc861271dd15e08bf562f,2e1b96bb2d8b0ca7e4a6c3d0c15d68a3,5,,,2018-07-14,2018-07-16 16:55:29
7ce65450cada83200419cd075375e99f,56137cd32ae890d2f8f4c0b770da009f,5,,,2018-03-31,2018-04-12 00:40:17
3058caa14cbdac741c17eb300fdb96e1,ce500b2ca0d960f937fb4d24282d3291,1,,Preciso de informaçãoes sobre o pedido que não chegou ainda,2017-02-16,2017-02-16 16:42:35
bca3e27262a0e39a97c55ddab63576f0,aaa01262ebed3a3f92e3f65995b83fe2,4,,,2018-02-16,2018-02-17 13:26:09
95cfb15ad3477fec574b561d1daea972,4ed4a6e12e74982dd78c78df1ed3f372,1,,Produto veio com defeito,2017-08-09,2017-08-11 01:29:09
324f719a599fd47fc3cdb7d0ac621212,0a15572811e0bc23e2963de1cdf344f0,5,Ótima ,,2018-05-05,2018-05-05 23:37:14
c61363f9901ce8c19ea9663ff6902f36,ce96e1f727877ff03577e45707a78265,5,,,2018-04-24,2018-04-24 20:35:21
dfa26d3e2ca18d0a30cc4596f0f189ac,4cb0286c9f5805ddd172e00cef67ecc3,5,,,2018-06-21,2018-06-22 16:06:43
d959d2123a2f28fad7885ab1b8f1903c,cd323a618a599ad1cedaeb75d1d5b8fd,4,,,2018-02-21,2018-02-22 01:30:20
51066b1ffffdf9949d76a31dc8bb5ec1,6bdf9b89e5c81ead45dbc0a260dfbf13,5,,,2017-09-30,2017-10-04 00:18:09
cb7533018dc117bee1c0b3006aa82da6,32339685fefe9062d33175a4bc12d555,5,,,2017-01-29,2017-01-30 14:13:22
7eb8a46d5a165e960020e6cc1355eb75,573cdc3b8d7f43d865aba5fbbc888802,4,,,2018-02-01,2018-02-02 15:00:19
0e5f0b07a502e6701601334b20417799,8c28df1eae513694a941565b1a0a5de8,4,,,2017-09-05,2017-09-06 07:31:40
228a25615ef0bf98bc82748242b51589,d8d8abd9a4aa1b36575678bdf5e9d23e,5,,,2017-04-01,2017-04-01 21:03:21
78a65ea218446821cb0e15218fb80f8c,1daadb218e1c16168ce3c3888ade376c,5,,,2017-03-24,2017-03-25 01:46:52
832acec9bbf4efe65c3fb6423d8b4ed7,cf954e7391c1981cc9090267aec67ee9,4,,,2018-05-10,2018-05-11 10:53:21
6146a9da93e8f3f9b4d24ddbb693a170,bb787d6e68f079fbf94e8df39219086d,5,,OTIMO,2018-07-05,2018-07-07 14:51:13
7009932289ba917d21f580f33bb36db0,5c1a7adae63c3dd38c445817f9947cf2,3,,,2018-03-27,2018-03-29 22:04:46
088e0dcf9dbde3b96e18bf119271b380,d674f43f35a8b46f907663eeabefb819,3,,,2018-04-10,2018-04-12 22:54:08
1b53f1ba90af35637cd7d7999e9b76ea,868c2bcb3623c43e2c25a0ebedbc3f12,4,,,2018-02-01,2018-02-05 11:56:46
aacf6f81f78d28d3b1da243e211605c4,fb66173878dcc988e4e3e1151901b298,1,,"Quero saber quando receberei meu pedido.
",2018-02-24,2018-02-25 00:56:43
e10962d371021bbe9f70edcb5e3b8e7b,710bc497ddb33d94263a302f17416924,5,,O produto foi entregue antes da data.,2018-02-15,2018-02-16 20:36:28
5ba552f6a978e273f1a89dcbcb15c590,2e823fe077401bf3d30b8a47e324571f,1,,"como ainda não recebi o produto que comprei , não posso recomendar esta empresa para ninguem. ESTOU CHOCADA, POIS É A PEIMEIRA VEZ QUE NÃO RECEBO UM PRODUTO QUE COMPREI NA lannister.com. ???????????",2017-03-24,2017-03-30 22:54:45
d56da2c48a686ce0361d3e28714bd386,1af76094e8921f4fe77e6ccc5878f313,5,,,2018-02-21,2018-02-21 22:44:50
3dc475ff52641ff5a077254d7fe582b2,53b48de8c162b1a00ace27c3c0a9b148,4,recomendo,minha filha adorou.,2018-07-31,2018-08-01 17:27:58
f446d1bd5cb103499ff18879c40fc9d8,71cefe5177d8b6b11dce9fa4060f01cc,5,,,2017-08-22,2017-09-01 14:36:02
e567ce750252ee51158fcff22af3723d,f939e2a89376e44158657a15465cacce,1,,,2018-03-22,2018-03-26 19:01:40
a128b975b09df7d8d883b187bfcf2de5,e3ee317683c1cb4df51994ca63755d6d,5,,,2018-06-06,2018-06-09 21:23:49
c6cff776f136b6e0d68112eae8d20a98,ad20d0dfe5b91c07df72dff0206aacd9,1,,,2017-11-11,2017-11-13 08:51:35
1a1ec77dbd055c4b0096738d0abc079f,8345e1e2a321e4b374a65fe12d8b30d3,5,,,2018-03-16,2018-03-17 13:05:26
76d143f51d89ead96814bac36797382a,309de5faf9baa8961fd068f3f4e44dcd,1,,"infelizmente não tem como avaliar,porque não recebi ainda o meu pedido.Enviaram pelo correio e não foi entregue! Está parado nos correios,era para ser entregue até o dia 07/03/2018,mas não entregaram ",2018-03-09,2018-03-09 18:16:02
e0bf5de58e5b0767ba445f1500a7d531,8d994041d6127d2acc8d13aad557e75f,1,,"A loja enviou o produto via correios, que não funciona! E não recebi o produto em minha casa. O mesmo ficou no posto e no único dia que puder ir até lá e devolveram ao remetente e fiquei sem o produt",2017-04-21,2017-04-21 12:55:35
3b96dc5d43554dd389d4e64a774c91dc,60218eecf87eaeb58657769f328f2726,5,,,2017-09-12,2017-09-13 08:37:42
1733261f54993fe82aef1c2c2454d9c0,5d1aca6ae03324b5398c241b3b402be7,4,excelente! Recomendo,"Recebi antes do prazo, embalagem perfeita. Recomendo.Produto muito bonito.",2018-06-14,2018-06-18 17:38:10
71174191641391b1cbdf5bbebb8ddbe9,7645406942825a748f5db38c177b0a5e,3,,O produto não foi entregue. Tive que retira lo no correio na segunda tentativa porque minguem informou o horário de funcionamento para a retirada do produto. Não fiquei satisfeito com a entrega. ,2018-01-28,2018-01-30 14:12:44
9ddc165fa13ef1d774d7e5321f185f77,12aab7cb25bc6ae86c66cb3e7dc35a76,5,,,2018-01-04,2018-01-04 21:40:33
e6848c9faf7555af4da8643964d1cd7d,f0b2da40b961baf662d31db42b3964e3,5,,,2018-02-06,2018-02-06 22:32:36
cee244a1b7becb9f70ab2f87194dea0e,31cee66926e60ce4e5af0e4b9e2886d7,5,,ótimo,2017-12-12,2017-12-13 09:01:20
5959093e1b3b040f100fc74b1419e4c0,705172254d979af1ed7ec13222ed5532,4,,,2017-10-28,2017-10-30 14:30:23
15c863b6dc692a2006645a8970377abe,a1b442b97cb70e7207abe3f32a01e3d0,5,,"Adorei, meu produto chegou antes do prazo indicado, estou satisfeita e recomendo",2018-08-04,2018-08-06 22:26:27
edf0db3607ec113d9c0cdd0fd0e14b8d,5e8c4235c5941812c1831d835ae020fd,5,,,2018-04-24,2018-04-24 23:58:47
4557ac44a08e8e27cc4a6a2fb37d8344,ca786c07fdbcd2a6beb42eab64c23a3e,5,,Ótima entrega,2018-03-24,2018-03-26 21:50:21
5c76511e9f54f229ed950958c980a7fa,e750c043ac98c8eb957cb52789f126b0,5,,,2017-02-24,2017-02-25 01:44:06
0b4207e530529bca930a61a2f747245c,696f162404ac464c3b87a9b64ae1fd29,3,,bom produto,2018-01-09,2018-01-09 21:03:18
29c55c384cbf612e098a1734a42592d4,086f617d66181efa193629791e0a9076,4,,,2018-08-22,2018-08-24 15:11:40
fe49e817b32604318325531d264b51e0,cd3e9759dc483946db2133168746fddf,5,,,2017-07-08,2017-07-11 19:45:25
28749be4e9f00ad1305d70a22faa6938,4d34da0824213ee7962a5c5ed32b3f51,2,,,2018-02-22,2018-02-23 01:04:51
5634e69c94c442771e2520e6d870b871,407fe646704ea7828e324c8ef7e7e616,5,,,2018-08-01,2018-08-02 13:49:47
e7bf97c5a530951a3f2df79ef61f0550,5551af3c5c287246cc239e923963ef6c,5,Muito bom ! Recebi ,Chegou antes do esperado !!,2018-06-21,2018-06-21 19:35:10
f1b28d8389b384304d4158835b926fac,0452166f3b0d8e378179ecea1efdfe05,5,Excelente produto,,2018-08-15,2018-08-20 12:04:36
96d308c91f38ae2c99da987849a9e0a6,73c0786753e32171d5d1bba1e682b4ba,5,,Produto entregue antes da data prevista. Parabéns,2017-08-18,2017-08-18 19:32:52
cec1a6e47c108f2344abd8a25e7b02cd,e9977cc6d0f97447ef0f4fcc2e082fc8,4,,,2017-02-22,2017-02-25 04:19:33
07c9ec2ce10f6967173c603a2e3c6392,d32fbb7b9c7d393b293c80e66091ee4b,3,,,2017-09-16,2017-09-18 22:41:51
792a8e117cf8aa1a34382436bb75d0c2,3785ffb02b0b201a23df7daf357c271d,4,,Muito bom ,2017-10-08,2017-10-08 19:38:10
470f439e820c914345ef98cd21bb7891,166a835dcb0ffdb5d917db2a93358502,1,,"Não recebi o produto, tive que buscar nos correios, e ao chegar lá, não havia produto, apenas um envelope com uma nota fiscal, estou aguardando solução. Saiam fora, não vale a pena.",2017-08-01,2017-08-01 16:21:42
23f05bf11c47b1433e4d2aa5ea90cb52,b22b9811c2074480cc93f9e8b8e4c8b5,3,,,2018-06-10,2018-06-12 23:24:51
03aa7541b3525dab85b34255ba1c1215,fa1885a7cb632c832c660cc710bae77f,5,,,2018-04-20,2018-04-20 10:21:36
39c8041924b08244a7ac04759c986f02,a7b8a73bcc7bf3850dc9f4907c5ee6f2,5,Muito bom ,Show super recomendo,2018-06-30,2018-07-02 10:10:03
04186860d50395e232b510d39a72666f,8691ef52aa97f8ba6d500780b5897e04,5,,,2018-05-19,2018-06-10 18:48:59
9593960e209f0e91a1e71c9e8bee043f,b3e2b81932a8bc32dfffd128937c3c5e,5,,,2017-07-11,2017-07-14 02:17:20
04aa9d7842e1825470bc937547658c08,d9e85a628a68f162d46b273ae52d0119,4,,,2017-09-22,2017-09-28 15:33:17
0fe3a2cf04cd756066ea40376ddf40f4,5953d2dd57f0e259f8b8489c37556e00,3,,,2017-08-25,2017-08-26 02:24:02
3a146d6748a8a1d523f5c0a9e8cc3e45,8ef3801f58da6b652a3082e1fa5b6589,4,,,2018-03-20,2018-03-20 20:52:07
c12c236c611c2277a7c49bedcb2d5554,27d6233886151ecc1ed368ce120ec5cf,5,,Excelente!!,2018-05-23,2018-05-24 03:35:39
24bc02e6095efc7674ad030510e13881,c279543d72807dc9b91e39e5d87b5493,2,,"O jogo de cama faz juz à imagem apresentada no produto, é bonito, no entanto deixa a desejar em acabamento, muita linha solta e a costura foi refeita deixando falha no tecido.",2017-03-15,2017-03-16 13:18:24
61634761a74ea7da85151cf094e88306,0724cc371750e7fdfe769d2a8bdd5b92,4,,,2018-02-04,2018-02-06 12:32:34
f545e23727c03249b313da893f19b2de,1aa78d3a94e9d8054d63fd230c076bf6,1,,"Fiz o pedido de um violão (+ acessórios ( e recebi uma bateria. Passei horas tentando contato com a loja para que a troca fosse feita, mas nenhuma resposta. NÃO recomendo! ",2017-11-30,2017-11-30 20:31:41
1685e4892e204414ee602177b71a6040,6d9ccb29372292701006df0d44b858c3,3,,,2017-11-30,2017-12-02 20:51:43
4a260dbac87833f26e03d52a38565073,2e2df9453ec3bb97026c38881ecf83c4,3,,,2017-05-16,2017-05-17 12:18:38
e4418d4f1ad07bf42c9615948320c949,8b50d4c9560cac1625c6fd9f536fc780,5,,,2018-05-04,2018-05-07 13:29:02
297cb67099f7e259f215ed6a518acb76,8e350d5e83f49b662f870b48cf3f5b29,3,,Recebemos somente o bebê conforto. O carrinho não veio junto.,2017-06-03,2017-06-06 00:02:28
00097d2ebbdd5d8921a21af2370ef764,50a790149ec089ab00a4630204396f0f,5,,,2017-08-03,2017-08-05 23:47:13
ebc9c29d8fde23345b7f177b9c89ad65,c000556923c9e9f96eb1121213f153b0,3,,,2017-11-30,2017-12-01 00:16:37
6a42b52947ef72406e2ab26b14fd4584,d66deb9ded8ffbd8ef4850522ad8fec6,5,,,2017-07-18,2017-07-19 09:49:59
8028eb3b4ef66817063e87726f020fde,e62c3201015050463bc2e3b6599a6bc5,1,,"Comprei o produto e até o momento não recebi e também não tive nenhuma satisfação de o que aconteceu. Que o valor foi debitado, isso foi.",2018-03-22,2018-03-25 00:20:13
854a7212152b138278598c9e51e81eef,e2a0f7c30f5e78d97892b4140fdc0979,5,Bom de entrega.,"Ótimo vendedor, entrega muito antes do prazo combinado.",2018-08-22,2018-08-23 11:14:08
52c29011bee58de1c89f4de9750f464c,19dc396137b147d804b74b9e5bbb9875,5,,otimo ,2017-07-12,2017-07-13 13:26:23
319cb3c58d82d2e2b9ae220b9e8ee82c,578e93018456eabf67495ce86d6e6315,2,,"Boa tarde, foi antes do prazo ",2017-02-22,2017-02-22 19:33:31
36ec7beab972a0bd81e25c048195342f,a4b276bd4a9eba543ec90cdf29a67308,2,,Razoável. Achei a manta muito fina.,2017-06-28,2017-06-29 06:27:18
18633f3ccce07cc4c01a203d78c1c2d2,4abd25ff34f0b324cadc39a6529b05c8,2,,"Comprei dois produtos e só recebi um, já enviei dois emails ao vendedor mas ainda não obtive resposta.",2018-04-13,2018-04-14 08:51:35
a0b607355c55f96f976655f6b28f1265,b0200f320613faea21c999a90efa28ab,5,,,2018-02-21,2018-02-24 13:37:17
488ec1aa862d1f21dff2f2003838ca85,e6bcb00ca5426e9d00b50f8eeee367c7,4,,PRODUTO ÓTIMO.,2017-07-05,2017-07-08 00:40:26
2e61df1373d759686bd859be81d22d5a,8109255ed5f9ea90f254fa8c5d80bde0,1,,"Dos itens citados recebi apenas o suporte para presunto, os guardanapos ainda não foram entregues!!!",2018-04-07,2018-04-08 03:54:09
b2d03e4b730e0b8edb648ecd754a0eef,14e3b02a42f36ad7bdcdc8a0df427be3,4,,"Avaria na embalagem, restante 100%...",2018-04-05,2018-04-07 23:08:05
3b3c4285babc5ada121c163460da6ca2,f97b2bdfbaca9c2f04722d8cbc8cc8a5,1,,,2018-08-17,2018-08-20 22:11:42
78adf4b75add99875af29d70ffcbf878,b2e5be9642d390480c19fbc80e533de6,5,,,2018-05-01,2018-05-02 00:24:20
ebe73d53029c5ffd1c8489f0f46d823e,825c221a4e981f278e9c5ec6ead83a3f,5,,Recebi o produto dentro do prazo.tudo ok,2017-07-11,2017-07-11 19:37:37
bc815bbe9f2507c6e7872cb73a5e73e5,cd49c5c6f772ac87200f116a7a5499e5,5,,,2017-03-15,2017-03-16 21:34:33
ca4c23aac450c37fef4ef80267af713d,832c61671b530bdc7d56880581bc2146,5,,,2017-09-19,2017-09-20 23:30:06
97859cb375e228277a637a6b9c3c42dd,45881387721786e660460cd8bfcb2010,4,,,2018-05-11,2018-05-11 18:36:27
2b334d5e20dc2c7428516d048ea22c8c,00fc308dd7f0937682698becaa9dcc45,5,,,2018-08-28,2018-08-28 19:59:36
1d0663f158a109d9c3bdc2c7cf2c8fe4,42769a5163a34297f4458dbccf206b36,5,,Excelente!,2017-09-07,2017-09-07 17:12:11
70ea1ba3386c95c93125d23168d30c1c,c6c96aae858cf470816e5080de363e47,5,Recomendo!!!,Recebi o produto dentro do prazo!!! No dia que chegou ja testei e adorei o produto!!! ,2018-07-24,2018-07-25 11:20:38
583225c5e91ee554aa34d6869c12e5f8,4579adc6cf97f147f82693e0b25e3cec,1,Ruim ,"O produto é de péssima qualidade, a furacão não se encaixa com a do veículo, e olha que o para barro corresponde ao modelo do carro, o plástico é ruim , é gual ao de pote de margarina.",2018-05-26,2018-05-27 12:28:41
9d14a9b24b8f0761c0675ee5548beb86,de28971a284d4d1aef005e7f16b36a52,5,,,2018-02-06,2018-02-07 00:54:29
683a551019f3edf7b15611ab3c1c95db,3a97b29009aa1ec54a67fd256b762b14,5,,,2017-08-23,2017-08-24 18:48:59
fbcc01887a5e5adacd0f4bb2a57e5d12,1dbff949801376b8795a093d31cfe205,5,,,2018-05-30,2018-05-30 10:32:44
da95bc5de0638935a395014b5e635694,a22775141b5e773fb0dec808e36bf9f4,3,,,2018-08-23,2018-08-26 12:21:13
c96605ad5c04b0d223d7370672d53f2f,b83d3a21b98b819697f37668a420a43e,5,super recomendo,muito bom,2018-05-17,2018-05-22 16:02:40
bd577f561f6d0e3fdf5448c5bef8a084,bd65649afc908d9afe43db0bcd7c1de5,5,,Adorei! Entrega super rápida! Estão de parabéns! ,2018-04-18,2018-04-19 02:46:49
d0e393ba4b8737b280accb18203a6c51,9dabd200c58f609f380ecd1e44898086,4,,,2018-06-28,2018-07-02 10:16:04
c1e955ce419fe225bb25a23e9a781e25,c9abb9f3b4b71b87bfbc5645a02cf8cc,2,,"Recebi parte do pedido. Comprei dois cartões de memoria e só recebi um. Também veio outro pacote do mesmo fornecedor, só que com mercadoria errada. No mesmo dia que recebi a mercadoria entrei em conta",2018-04-24,2018-04-25 16:26:16
aa1350f10b6efa430254b68f51919aa3,4ce0d39282d4d45834a51b1ca7fbb311,3,,"Recebi, mas houve diferenças na orifício da câmera traseira, sensor digital, flash.Ficando fora de centro. ",2018-02-22,2018-02-23 02:13:25
e62f5da8f06207f90573e7da54c5fa0c,29d3f2fc23b7f95b28dbe5e3ef783d93,4,,,2018-08-14,2018-08-15 11:28:30
64cc3a3c459cf8a1d1b07ada1a839696,636f0241ddc83a3b9e37a8088167bd45,5,,,2017-11-04,2017-11-05 16:54:13
c814048796c642addff6314b1caf062b,6c682aa3032d2639e12a64b3c2a907b7,4,,,2018-02-17,2018-02-18 10:32:29
605050943e6b21830e963c00bd118eb9,16bf4bebb63fe2842793fa1e3fbb83d9,4,,"Gosto muito de compra nas logas lannister, entregam rápido, recomendo.",2017-10-02,2017-10-05 13:16:56
5ad27122555c26796d02523ee8274f51,329aacec1c0231ed21bb1e2f8f4dc1e0,5,,"este dourado eu adorei, ja aquele prata eu nao gostei, mas so vi que era tao ruim depois que lavei e coloquei na cama, o dourado e muito bom",2017-03-11,2017-03-12 03:41:54
32d51de57eef882c59f6d29c695a5acf,14066026f08d98c3316b5b8637282529,4,,Ótimo a loja em sua responsabilidade com o comprador,2017-04-01,2017-04-02 12:02:22
c7ec8548001563241fdedaed1a624bc3,ac21545a31cc2f10904bcc68254c1d11,5,,estou muito satisfeito com lannister,2018-04-07,2018-04-08 13:18:44
036ea03185f9aa593d9cad1335e1acff,faa01b7a24d0ba51d0d0ec652cd9b745,4,,"ainda não foi usado o produto, mas acredito que seja ótimo.",2018-07-26,2018-07-30 12:03:16
490be4744bde20f21619b4720442c716,5662e7f8bbc6abe55e104ac06994a731,1,,,2017-10-19,2017-10-20 16:33:31
cb2ec025f56cc52bd872eb19f435869b,569d43a54c364df5b367ab33e96eacf0,1,,"ainda nao recebi o produto e nao consigo gerar vale para comprar outro.
exijo atenção para meu caso.",2017-11-10,2017-11-13 14:54:23
b7db2324f414f8149522dd8716817fa4,f52b64a627a310405cfd65e2a23acb23,5,,,2018-03-01,2018-03-10 23:48:09
47c33a7d434a10b35907a00dffe922e4,e849e2829de302019ae8bd9924055171,5,Muito bom,Podem comprar recomendo muito,2018-06-07,2018-06-08 09:09:08
ceacd98e3e378eeef6f553c3056b401e,329aacec1c0231ed21bb1e2f8f4dc1e0,5,,"esta faltando o outro cor dourado, quando chegara?",2017-03-03,2017-03-04 03:21:46
b1335ab6369036a1935af133cea0b009,0589d8b975f21fea2ad626ea99527911,3,,"Falta entregar o resto dos produtos, dessa vez não demorou, muito da primeira vez demorou um mes e 10. ( vcs deveriam abaixar mais frete de vcs que é muito caro. 
Obrigada",2018-03-08,2018-03-09 12:06:05
feb29a3c7e681b82d1d0493b544973ad,f00c74caaa25430b1fa361c158e8996a,3,,Ainda não tenho opinião sobre a loja. Como posso dizer se recomendo se não recebi o produto? Sei do problema da greve que tivemos e deve ter afetado essa entrega não chegar no prazo. No aguardo.,2018-06-09,2018-06-11 15:06:39
da4bf69d462d8989e379c9ad1f042813,f9ea302261bc5927d8f4a13cb60bdb9d,5,,,2018-03-02,2018-03-03 22:33:51
b2df6f98f4760c6eb43809bd7415932a,cd8c0278431ec8464a07eda4eab01441,5,,Bom dmais ,2017-03-08,2017-03-11 04:20:34
4927b1b5f81742ee45dfe81ab7303a1f,499779bd7b24368c556437767a73189c,5,,,2017-11-05,2017-11-06 17:53:56
efcffa6b170981f9db39ee34f9916d6d,99330d45c3ba6f45ad5745f6de036c5f,1,,Ta faltando um difusor,2017-10-21,2017-10-24 02:06:05
821d87f0d33c90dc364d8c48b734e428,955edcef18570af09e702de925422860,5,,Produto de qualidade e entrega rapida. ,2017-06-02,2017-06-05 10:38:03
5719f52d522d41c82b207f0b120c35ef,ad0e80cb90ad456f01f1533e4cdc1f0d,5,,,2018-03-02,2018-03-03 10:43:38
69fa2d73ed4ba3fa40d52cc95accad4e,a9c74f167b0d8af61d6487fc21934f7e,5,Ótima.,,2018-07-24,2018-07-27 10:36:04
02049740170a350f554ea9294bccc332,be5c91507e2c4ef294ee991d22b2d8e2,5,,,2017-12-03,2017-12-04 15:54:07
86ff0cde0953bdecda18ccb33d88a16f,1e2b94b476c8738fbc5aed69524f2da4,5,,,2017-08-25,2017-08-28 15:45:31
0daa4a00b83f510d9a3caccd6352e7c3,be0d916fb5cf8a5dddcd98ad4905678e,4,,,2017-12-13,2017-12-13 11:09:04
4b06f63838461927a2afb7007ee527be,82b1c20e33da405ba22cded4ff91d160,5,,,2018-02-18,2018-02-20 17:46:44
29a8ba259b6e131f5007abf0659a329e,1389d3b1fab26d87e40c382d11a8ac3c,4,,,2018-08-28,2018-08-31 01:51:32
0191cf9d15d7059499c362496486b7f7,08d3b6ee17b7cb32e530f4488c3f6abf,4,,,2018-08-04,2018-08-08 17:59:04
9be681d0d82918e6ad614d684aad785a,ab8d7e03c02e35b89d4eee1dd9ab65ca,1,,"Comprei o produto é não recebir, se não tem competência pra vender e entregar, não vende.
Quero o meu dinheiro de volta, ou entreguem o meu produto.",2018-02-03,2018-02-06 22:16:51
a13a460fb07cf6bd19793b15c3448517,544bad401327a8f0de6786c7ccd73c8b,5,,,2017-05-18,2017-06-04 18:04:48
35d0eff29afec1c5154e186eae89b6cf,52a547866cd2082c600fb72eced19331,5,,,2018-05-22,2018-05-23 01:06:46
ca3e9ebf3b0397c515106698dc261c9c,99dde9a4d6ee5c602380551b002ddad7,4,,,2017-09-14,2017-09-15 01:25:42
91a5f42bead2809194d326f13a127b8f,3b9de7cf25713aac3ab7e5cc48d83983,5,,Excelente entrega perfeita tudo ok,2017-08-10,2017-08-12 23:31:57
5ec5e8fafdfbb3e5d8b1d4fa35c2c5a7,f5a1d7fb9cd502618f942b1295676f1b,4,,,2018-01-23,2018-01-24 10:42:31
8a9e36ccbd7866244bf8d477addc3905,634adfa0f5cb0fd3a7c932f3b5b463fa,5,,,2017-09-23,2017-09-24 02:46:48
617b1c18d6a1ae36863a951e8150ffaf,662bf5e7e6b6350fd9e93fb5793f5c98,5,,,2018-01-03,2018-01-03 12:07:10
17a386d49c7011b9faab2afff50c32b6,db2557d3b3417e5746ab989f2e143860,3,,Não gostei do Produto não aconselho ,2018-04-03,2018-04-04 15:41:52
bdca8baccdc72009bbdb5d15991d02ba,004157daafa0bc8672e01f00e4f0c04f,5,,,2017-06-03,2017-06-06 03:09:24
a496cb0551524b8175580ef1373710ff,717b5830932c155c67ba3232934a93c5,5,Recomendo,"Esse item recebi no prazo, lacrado e certinho.
O item 2 - balança de vidro veio (totalmente quebrado), estou tentando reclamar via site mas só dá erros",2018-07-29,2018-07-31 15:16:57
689a3387adbfeb25be4fcab15e33de99,2beb7e011571a837462a006a779881e8,5,,,2017-08-05,2017-08-15 18:20:06
9572e2f0399bcee812f762e1ae8636b3,a7ddbf4f5ef6befd9d3569b1c34a9605,4,,Eu recomendo a compra fiquei satisfeito!,2017-03-07,2017-03-08 22:14:55
80d7246619c6e2cd0af76aad13181a8c,20cae0a28869a4321d8fe372731f80e0,1,," Relogio muito feio! Nada haver com a foto.
 Nao recomendo..... parece relogio de brinquedo.
Aff joguei dinheiro fora",2018-01-27,2018-01-27 20:01:43
27c39c7264b55c7d4bbd29c99dd9cca7,b5eb3252f8e5ded7044d176ed49e2ecb,5,,,2018-06-23,2018-06-23 22:38:05
2282a2ce004099bb4e8e8df69449856f,09138fb3bbda7e400f9aac03c238385c,5,,,2018-04-06,2018-04-07 16:34:35
05db2726854cec181b7b963510e9bf2c,b83f87939464fd2df0c244550e184e5a,5,,,2017-07-04,2017-07-05 14:58:05
cc4337f6025bfd38b4488d9234f81cd1,a245546c993a6f40b013cf1935965656,5,,,2017-04-01,2017-04-10 18:16:24
3521a28461f0167827e97c1c2360ff73,6bddfd31724ffefa23146e21bd173ef4,4,,,2017-12-14,2017-12-21 09:40:43
c02d52a1c2b3c35e5663347b2f4da4d1,5620e57611d71ee82bf1b40183f57bdf,5,,,2018-03-01,2018-03-03 19:59:15
7bf3efcf2c85b3d56496806b13e7faa5,55a54184af6cdb5cbd95d124883c2dbb,5,produto maravilhoso ,"Otimo material, muito bonita e chegou bem antes do prazo",2018-07-06,2018-07-06 22:34:53
abad27856efa9e0a834fdb925331c55f,08804ff605210017ad305e46cbd4e3c8,5,Muito bom,,2018-08-12,2018-08-13 14:45:54
ddb3a4c9c0dc5ead130ca903e9806687,943dc313319b98a46f1aa70d59b68715,2,Recomendo sim,Recebi apenas 1 kit de quadros. Estou aguardando pelo outro kit.,2018-07-07,2018-07-08 16:22:03
471a14f900dfc0e51cde48db8a73b114,a5d3eeeb605f6e2ce95e590543148234,5,,,2018-05-16,2018-05-16 21:48:29
8b43507ef1930c638a3ba50fd0e2ff2a,8ed712c31224f9fd94ce2e6887b46f89,5,,,2018-03-30,2018-04-24 16:12:08
4e161ea3ee8d5c0c98dea9b593ed4984,bb95881900c6eeb4252919993f7a6660,4,,,2017-10-10,2017-10-12 23:49:51
ac23356cd38c5cdf52c0f7b7a871d387,f644bc7cdc4cf0854f50017d5ccfff50,5,,,2018-08-14,2018-08-16 23:55:42
db05c09d2ee236a0e48cb994eaaaa3a4,17b64a39e956f1ff14d42a2f76a37305,2,,Muita demora para atender solicitações e demora para envio!,2018-02-09,2018-02-15 16:51:52
165f2d33fe7462bece2b7c0de2d97904,c1bb3ffb1aeb6afbe42101499bd15708,5,,,2017-12-07,2017-12-08 00:00:16
d0643d39d6cfb6f5e4278e14d82bdda0,b34f86c59a76bef28aa32825ab4370f6,5,Tudo correto e a contento,"Recebi os produtos no primeiro dia útil após a compra, foi muito rápido e deu tudo certo. Recomendo",2018-05-16,2018-05-16 22:24:42
8ed7d97d70608f7d97452b186f173a7f,b38103e665600114e3155ab60ee0ef70,5,,,2018-07-28,2018-07-30 23:01:21
1af7ff2a3ede26c804410983350589fb,56430e0b9968b381942760e433583b27,5,,Ótima loja e excelente produto!,2017-03-09,2017-03-10 01:04:02
ecbaf1fce7d2c09bfab46f89065afeaf,a67f04f0a3022835f86664a0070fe36e,5,,,2017-07-27,2017-07-28 16:57:18
04155918d12175d572c8f4480e067da8,49bbb428c234dcf31c4d66d4e8e1c04c,5,,,2018-05-06,2018-05-10 15:46:21
f6fcc2f087a7601832e8d9b0e19ab03c,fd1dfb6b7188b47e56f2ab4063d08e58,5,,"Prazo de entrega para 9 dias, chegou no 2o.!!!",2017-05-20,2017-05-22 01:00:21
99402e9125456f00cde89ef0724ff581,9822680d395506e5602b3c1ea555aa61,4,,,2018-05-01,2018-05-02 09:07:15
73baa1270fbabcd8e7da2044e887eaca,343ee80178e16012130cb0007eac5888,4,,otimo serviço,2017-12-21,2017-12-26 00:16:38
f38b5ace1891c3ff86bc50c25e317ef5,e618cc48dc1a9bcbdb3f9743e25a36f1,5,,,2018-07-11,2018-08-11 01:19:08
9ed5c2e7e42a2f7161fef066dc9347c4,4233067932385b2d8b301e18e1b75958,4,,,2018-07-27,2018-07-27 20:00:07
2b13be1259b7efec92cf6d8428980362,ca35a20423cabbc81c577f3ffe72169d,5,,Entrega rápida e ótimo produto,2017-11-14,2017-11-17 08:12:41
2cd70fb200a30bc211deab67cb24f919,e45620eb46de3b95c078fb17e75db83e,4,Recomendo,"Compra fácil e entrega rápida, só o frete que acho que deveria ter um valor mais baixo",2018-07-12,2018-07-13 14:10:26
1f1f6ad81e2cfd6a5a0bb5cb1a434be7,2b022b533c7e96c66a5d9e2539065bea,3,,,2018-01-14,2018-01-15 11:51:11
0802f0705cb37ecdade0747dcd2c1176,0c91c4102d1858f4ced29970f55e54a0,3,,"só a estampa que não é tao viva as cores como a da imagem , mas o produto é bom ",2017-03-08,2017-04-28 17:40:14
477f9d0cc1dc009eda151d0f0dccd698,7b4cc813e327ec14c78f547a763f46b8,3,,,2018-03-30,2018-04-09 22:01:08
eaefede9a47cf2152be28ef70cd5b3ee,44628cfcb3b5de94aed835b088caf99a,5,,"Ótimo produto. Prático, moderno e com uma carga que dura bastante. ",2018-02-06,2018-02-07 04:09:20
cf6c97af468468529a43f61127146053,a7b984cb7dba04216ef3408f9fdc724f,3,,Bom produto de fácil manuseio.,2018-02-28,2018-03-02 18:23:45
79260994e3ea315b3dd92171821e8cd1,f2120851611e040d268c3be41ac51228,3,,,2017-09-19,2017-09-20 01:02:22
397ce09bc18e5afb910c5e4ece5322cd,5c4ddbfa718a93f4b6b964b9e19472df,1,,,2017-05-17,2017-05-20 18:01:22
ad15118c0268a0e5187b957c8ffe411a,ced669a0f18cc433701f1011449b80fe,5,,,2018-06-30,2018-07-02 20:25:08
bef175bd6ef90af0938b390a08bec6a3,b4dc09cbd4cc735632779c738cda842b,5,,"Recomendo a todos a comprar nesta loja, atendimento, prazo de entrega conforme indicado!!! Parabéns... ",2017-03-29,2017-03-30 12:46:38
caf8e9cbe7397ffb4886cd2dc8b8b2c8,5014c656e42bfdde371e00923238763f,4,,,2017-05-11,2017-05-12 11:22:22
d80caaa6c003119214811c26fa71893e,e62d530c9b5d79b0b222e5a4542d71be,5,,,2018-06-14,2018-06-15 21:51:34
5aea605827102143e4b5da512eb7b45e,c0cb48c270009fc128318b2f9eda3bec,5,,,2018-05-05,2018-05-08 01:35:12
1299c15dd016122eafd2b50afdbaa2d3,1d93a1f67fad3e9c8db7cf8ba268c790,5,,"Foi entregue antes do prazo 
Tudo ok, excelente !!",2018-01-03,2018-01-03 20:00:02
6feb93f79b4c3483ad531a3b44721ee3,b3224f0819fcb5e1c0f91961c4100aa7,4,,Coisa simples + mto lindu... Preço bom tdo maravilhoso.. principalmente as lojas lannister por sua capacidade de responsabilidade na entrega antes do prazo.... Parabéns lojas lannister,2017-04-14,2017-04-19 01:12:17
1d354f0ff4d7fa8b19093c123a8197ed,8f7075f9808a783f9794cf5f7e1860d5,5,,,2018-02-22,2018-02-23 00:06:28
b7597ba6e4447f3364fc9885b89aa0d5,faa72e2db68f17d71fa5c725cafc53ad,5,,,2018-04-21,2018-04-24 00:56:17
485171ac850d50070902742218513686,904d1d3bf21a8c56e931f8ac05d284c6,4,,,2018-07-25,2018-08-02 10:36:19
4426bb13a20c3d31d60949e244d88c8f,692f4207d359fbf24d641b1470721130,4,,,2018-06-22,2018-06-23 02:53:21
ce38dd91f4b7039a046ebf4da258e2e4,b8fba4dc6ff421731ed01f46c701084a,5,,,2018-01-23,2018-01-24 00:35:14
966ba7467588d007c1e8beb4e2f8d2d6,e68a0761535bd432bb847f4ae7b7b4c0,1,,,2017-12-10,2017-12-31 09:09:58
ffc7cd9c4c3c253063a5d02cc79fc77b,c69e067f9b64eea56517834d123baf0e,4,,,2018-03-08,2018-03-09 02:11:56
ace1681ba6adfe10d0403d68170fde8f,0eb43791d78d71f1098d5cb2b46e4c7b,5,,,2017-04-10,2017-04-15 00:15:25
d45d974d528688ca4fbcc5bb077b9924,7a96df1193e585420f7ca71abd28a34d,5,,,2018-04-03,2018-04-03 23:07:37
96b7017aa047094ca776e53ef9c8d43b,385408894abaef5ea2b48046ca02f823,5,,,2018-02-28,2018-03-01 11:06:08
68209efd3292fe8480f427161026bedb,b17838c714aef16bc099010feb2261ba,5,,,2018-06-20,2018-06-21 17:22:47
038c764684b2d6ceb477b0e298a3f3cd,9e711ba681b09da30750ac0fe7a0cc3b,3,,,2017-10-10,2017-10-11 07:51:46
402cbff3b06652acffc4aebcf836f8e1,b40a0752445a5228f3063cc30201bb11,4,,,2018-01-27,2018-03-07 12:37:55
f7dc89f0482f47559e3698e89ca670bc,a95f8f8384a13be626e06154468a9200,5,,,2018-02-28,2018-03-01 00:45:55
6da43271b2b9a70e42ac36f5c6e32389,9ac3e0dd6aeb10079e605b2e0f1cd7de,5,,,2018-08-25,2018-08-26 11:46:20
542003add7b711b9b59e592a83c0c174,a4de5b1662f4c05fc162558437fa96ae,5,,Tudo ok,2018-02-21,2018-02-22 00:32:42
e09dbf78f132248ac6566d325337f998,f29282bc8841ae8bcb88e357e9a32c57,5,,Produto entregue antes do prazo e em ótimas condições.,2017-12-21,2017-12-22 13:12:39
a733c8647694770061ed5083feaee270,5d4e56918ccde2aa7e18e48d3042fc6d,5,,,2017-08-23,2017-08-23 23:35:04
1bc9dddc1cc3d63655a17eb235d6110c,e1976adafc8511c7b5736536b09605c1,5,,,2018-03-10,2018-03-16 20:02:51
f671df2dcf50e3822c9c64adc824cd32,c9e34cb3b2bd60fe61896bef7a946678,5,,"A mesma é um pouco pesada, mais tranquila para trabalhar ",2018-03-07,2018-03-07 21:07:32
41e6cec3d5a178c0c7377cb7ce8bf09d,aca5ef1d6df08d476703f538ba867594,3,,"opções de entrega deficiente, com certeza prefiriria uma transportadora do que os correios",2017-04-08,2017-04-10 16:20:39
109d1bb6e9e79b21e65692711d71e17f,7cc93b2925f1d8b88fbcd410b02bc5b5,5,,,2018-05-22,2018-05-25 01:16:34
270efbf3c6f5ca419dff23906f52b807,86efd7c29e904b20b31e862644db7ece,5,,,2018-05-24,2018-05-26 16:21:19
cbd4bdd791f5820548ac31a1dc4b83f7,2bec039adcca39ad3a2d76a949e6c99d,5,,,2018-08-04,2018-08-06 20:08:49
83d69aa94c1a1f970f428e313aeca8fe,d61fb054800247ebeef5200e8bf9c9bd,3,,,2018-01-14,2018-01-14 16:50:28
1b578ab0eb622c9f916a47bd9ab1a020,5d9fde36e9b14f9c646577bb073b1486,5,,Excelente,2018-03-01,2018-03-05 14:21:19
9001b13d1c2bceb2b6cef50e1f7a6385,edd3d7495d5177045823010a1f6ac22a,5,,,2018-06-21,2018-06-22 20:02:03
620edb8a2d08cc885a5d240218aabb0a,b18478bbf9b2283e3d12452f69fd9ce2,4,Mude a forma de entrega.,"Produto correto,entregue antes do prazo.Não instalei então não sei se está perfeito.
A loja optou por entregar pelos Correios e como ele não faz a entrega em casa em 90% do RJ eu tive q buscar e leva",2018-05-24,2018-05-24 23:15:04
f910d8f0cedf90753a41b3b2f1293f72,3d5857f4fdb1061d247dea2544782580,4,,"Produto de boa qualidade, mas muito caro aqui no Brasil. Como ia demorar para viajar decidi comprar por aqui mesmo...",2017-10-28,2017-10-30 10:22:54
bfc4bd2ed244edc398330d61e883faa1,21c9855588b3946347dcaa1f159edcd8,5,,Estou satisfeita recomendo a todos.,2018-06-07,2018-06-08 01:50:19
dc256d430498cab26574dd73c65f2c44,77e4da3755c479aac3d6f7f2a5e94516,4,,"Se a mesa fosse um pouco mais alta teria mais utilidade ainda. Mas entrega dentro do prazo, r produto correto. ",2018-03-10,2018-03-10 21:10:28
a26a76d45a2ccca2c334b18b600c7832,a820e4b8830258a148d161ba6d8bf419,4,,,2017-06-23,2017-06-27 17:27:58
dd052dfff1d3b48e1c9526fdc3a63533,ad9259e8a14df6ee75201925f28d4a8f,5,,,2017-09-06,2017-09-07 09:50:31
567242d293a95247df6e29f6ff726c85,f713f69364d66b2020e04ec8892d1285,4,,"Super rápida a entrega, e produto conforme esperava.",2017-06-17,2017-06-18 00:47:25
2ab6391e8106131e67723413306b9608,f55863be6758b60482c4bdfa3cd016ed,5,,"Tudo perfeito, produto veio corretamente e sem atrasos",2018-01-06,2018-01-07 00:42:25
5e911a6ee30a618d6d4a219c278511d4,5468ed226abcf74527e93b11988e4a3e,4,,,2017-03-30,2017-03-30 21:11:48
eb97d4aabbdf952a513f00e17426f716,f8b990617b1af31bd9e7a3d70f8dafc5,5,,,2018-08-10,2018-08-11 17:31:00
4302817ffcedb32a4499e75244c733f4,dc078338903735916fab84f036188dcc,5,10000000000000,excelente ,2018-04-28,2018-04-28 21:44:11
53480fc1b106eb1388c4dec15fd32c1f,0115abf6b892040abfdd5bdfcb6b2c51,4,,"Devido a greve dos correios, o produto ficou parado e não chegou no prazo previsto",2017-05-13,2017-05-13 18:55:28
83c0bf970a71076d120ded9329a7b056,9be3c9722389548409bf4cb39d07e347,1,Negativo ,"Ao verificar disponibilidade do produto havia em estoque, ao terminar a compra, após o pagamento descobri que não tinha o produto em estoque, então tive que ficar ligando para devolverem o dinheiro.",2017-12-13,2018-06-10 02:13:13
4930703ae4fccd4d2d3b44cf63a9e632,5cf925b116421afa85ee25e99b4c34fb,5,,,2017-03-10,2017-03-13 00:18:46
55babc7be4dff4613d50f9a707cc8db0,49268496ecf8148bd16540c2a23c6c70,5,,Adorei o produto. Parabéns baratheon.,2017-02-02,2017-02-03 11:50:23
bd59b122333a70b2df181abf50fec432,0bfd90889de46373db5089b3bb941135,5,,,2018-06-08,2018-06-11 12:45:58
b0178c4529312e59fbc45dfe75b04407,4ed3b57567c08a15c71665d759230b6f,1,,Produto que não atende ao que se propõe e além disso com especificações propostas diferente do entregue,2017-12-24,2017-12-25 12:55:39
f4f1c9efb5471f834743675de207f797,3772bd82db6b988f9a7008bdb3a4b729,4,,,2017-09-07,2017-09-11 13:54:08
38d3915af73ce056bb16d4f8c822ec76,d16cf2288861412bc266621085b73055,4,,,2017-06-27,2017-06-27 23:28:33
12dc56b67da1fa2a38227e7ec0e520a8,6a152f5684d235853de99a54ee7e8065,5,Excelente,Recebi até antes do prazo esperado. Excelente!! Recomendo com louvor.,2018-04-25,2018-04-26 18:26:47
1044e7429bdbfc8266c3cc968521b9aa,fa2de0086db43d394d58f69a111f8f69,4,,,2018-06-13,2018-06-13 22:10:12
7032fdbb71142fdae88159ef11632354,1674cd4deb921f97a794a8401ce9017b,5,,,2018-01-05,2018-01-06 00:41:12
0a6ec47c5d78509672e16b95efcff53b,e504f586e9ffc862cad95482af740af4,5,,,2017-05-08,2017-05-08 17:57:57
