customer_id,customer_unique_id,customer_zip_code_prefix,customer_city,customer_state
ffaded93e5a1fce06363cfb6905676a1,587b326ba3bf8aa4d3e50fb1f38ea79f,6722,cotia,SP
9522d39cabd497bd4bc5fb1b226cd5cf,774efd8e5cc822162e0af7311d81f5c1,73780,agua fria de goias,GO
066a9e746ce5eead40d2afa9bccd3d7d,227dee340139e8c2f57bf05bcb1246f8,4171,sao paulo,SP
8ebee0cc741eb27e8501e4b4e3c6422d,8e990907b56d2383d3a39bf0cf9a3f42,65067,sao luis,MA
5c78528de7bc16285f19af96fce88f02,e6925d3e39cebd0f699008b248e58361,13208,jundiai,SP
ad9ad1bbc3ec168f6d7e7e5637788fc3,f00acae66459f1828fc1feba2c759fa0,9619,sao bernardo do campo,SP
0266506e68e7eac1c7f726da057c28a9,3341514b8049f4a268e4188fb0211d34,3127,sao paulo,SP
f37e018586ddc359d2f1ad32f64ff8aa,5538f4cb054b71b5525a019a47019aa0,28735,quissama,RJ
08a761b27ad72e5fa65e351ca23bb2f5,620b267bdbb662197c42079245841d2a,13013,campinas,SP
56cb51bbf3ef8092a28e4d90f3f00030,e9dc105c3da1d2c71a3540f37385d3f7,6172,osasco,SP
11ead7c657fc4f2412db1babe52d1619,6144b9dbdc89758b47e87e2e73f4db09,71691,brasilia,DF
67372e0bce729cebb559886b6c4d9e2e,c9fff85f2617b8e1a78142aa11ee962f,16057,aracatuba,SP
62beebea8629d73ab3ca95c23ed239ae,aaf19344c14447167191cdd3d7530acb,33400,lagoa santa,MG
2fac2e14733a2deb5e7b5973ff95b115,070faa17ae87e63c0cf50efe8287e913,17980,panorama,SP
e4a1289920c7a33574e0433abd5b90d7,24cd37bf2e8fad096bc0b807541311db,90480,porto alegre,RS
bab91c3c25a207c83b5c95392df95163,7d5c4bcaf5e9ce14f2ac132ed39b1bb2,5890,sao paulo,SP
e37ee50aa10bb9a706c36e25989dfcd0,4b1397a3a70f8971b201978dbcb0619c,21330,rio de janeiro,RJ
db1f2c9256482f22307b39827a99f732,aa591348866497ba6bf83de62e4f8813,75400,inhumas,GO
8fdcba1fbdd38ada559e315d16ecda00,51eb539e8f636de713e1ec2c8c5e8ebf,8311,sao paulo,SP
fb611ba8817096ba3bdc1d9807f5cdac,2faeae5eaf2e2e108f1473280bf919f8,25620,petropolis,RJ
1cd146c5b0b02ca65ae036c0dfcc2f3f,f570a5be59e27679024a0ff2cdf0fdf3,4569,sao paulo,SP
abda0fc72e1f8c32dd8291c542e273c5,7b6cf676f9a88c5559a3d881a35f8a70,32310,contagem,MG
7b22f433873cb52f8be5468a64acbdcc,6ba98796d63bbe2c16b0789abd2316cb,11740,itanhaem,SP
1a1d1a51a2cf246d524b3ea40a53d080,cfbd2cd204c99edc948cfcaa468b5e00,98005,cruz alta,RS
ff56a290f17f6ce95604d2e7c1bd3ab3,ea66333f17fa50810ec4c4c27e4b2762,74160,goiania,GO
5c2bab9a09604f016d9ccd13242db649,b849f49416bd94ee6b0a4d36fce5b3a6,21021,rio de janeiro,RJ
de4c2b462c44197b26b6e596865da44c,341b6946aa6278284d3986112c43def4,58078,joao pessoa,PB
5d40512265ba0d0674b70be65b892a1f,beac2ee5c2c9cc2f3a1c16c50ab73fda,30690,belo horizonte,MG
3663cf3c9fafa9cc511c4d990ea35326,e80f396188991ae350a0c187e8740e97,7032,guarulhos,SP
55c9db9425ab8c9ee904753ebb3e9718,e1ea7d8ad8c1ff3197216e53eaf035c2,6606,jandira,SP
92b93355d2f02a8f871ea3b01fea701b,df23163cd20b2c1eb7c2a461618f5682,9847,sao bernardo do campo,SP
0c6ddd0fc46185e7fd0bb6d767bf4d36,daaa4bd4b2ac37cd00efc852878b626a,77360,parana,TO
86d7e0b2821894373d67a03352affdcb,146f4256a3f10b6522215a138d9ac678,90640,porto alegre,RS
2dd2e0daa048c8e7bdf18c2fca50725a,7361b9114e6a9c55744f01645bbf62b4,13052,campinas,SP
1964cbc4f686c7de6ced7a1e10479987,f0d604445befdf9148fcc03d1d926f4f,22451,rio de janeiro,RJ
4c13421bd28e889484201164059e6df7,1019ed18792a025e05472c55766c34a0,1321,sao paulo,SP
3703dabac361c6249a0d8d21564fb925,edbd256c62af7487800128f3c7ac7e9b,5017,sao paulo,SP
417ba684f004a0a409878bbfe65cdf3b,767f4654c72d8b9de7c937321fe1b78b,36205,barbacena,MG
c956a929bf20e4511644a58aa4df6f88,15dde4137d6fae5da4310bab2b5a953e,11075,santos,SP
b494a22912f25bd9fd639019c32607ca,8faed9f9905a7647bb40da044ebcd769,98700,ijui,RS
6b05139c22666edaab8363c643187ed1,cfaea24d4b0531636fba2b3f22f2c919,4960,sao paulo,SP
4428f44a71d4ed03fdaa62d4ed852f12,3aaafeb4d8f3e1c48c172b1894f711c8,6793,taboao da serra,SP
109e66e45ee2cc88bf20be70b381c924,8c2eebe63608c121bdc6c775fb96b6a7,25845,areal,RJ
d2e258817e38dd6847a2dead3bbafc05,0a3ce869b8386af24386cb035ce6f2e9,5432,sao paulo,SP
406c04dcbb14cfc2efdfa97866b1f17d,94dd49b40685c47677d891ba82313620,71015,brasilia,DF
e60d09530ea34dd2ad7a33d35bf73086,c7ca47747878996a42d992f15dcf023c,3386,sao paulo,SP
0bf644fc54b89e3ba5b32c2b9e618de6,9065ff1d98e9831c8b9444fa2710d313,37502,itajuba,MG
9f953bb4452203555445d713827f1465,f38e382731af9143e1321a49534c395d,71937,brasilia,DF
d32c1be9389b63d5e611ae874bf4403d,6d9284ebe2826c96d9be5d939fd7b1b2,24027,niteroi,RJ
456357e2997d47334ff9607ecdf438e4,149f2922b11ab08538112ff181000710,15057,sao jose do rio preto,SP
e312f3c85be577c566c09d776b380735,b4afb55d2d38d9bbe0b83ec108c3e77e,3733,sao paulo,SP
456f56a8c8737f0f4590964e32c944e4,e6ce9e5d704cf1bdc438a588bef02d5d,8431,sao paulo,SP
5daf8a84ec87f4988b337626369c4dba,c02250fc9f9a3ef97113f4cc1da3a89d,73900,posse,GO
ad530f0385e180b5b52ffe8cb9658bca,977f002d10638d866aff55166707c13b,58880,brejo dos santos,PB
8aac7e3ddd515089585bbab2b7d85aa8,1d34beeda3b2d9a16c418c0d1419bdea,45710,itororo,BA
da16a9b6d9f5be7c2266a76de19516e3,4d1d50c8870f228ed23b3e89bc126a18,13212,jundiai,SP
511e3f71328a16d7462ef399c655103f,86a6f545207b9116f5a7e0e84e706b7b,9560,sao caetano do sul,SP
178e6ac2e067591cde169461107ac469,bf67bc97810b5410358114fa589ba7d1,87020,maringa,PR
29e4db23d4fe543537f8335c807563ad,ac94b727be67b708b15ff81b2cbb89c9,3574,sao paulo,SP
7cba2705c01b76fa986e0efd815d3b09,d1188dec6bca7728f5fce5f9dc4239b2,13145,paulinia,SP
b2bbf530455f67fe10265197326aab8e,d4318adafb89c4b369d6633e1739795b,4195,sao paulo,SP
94df3c23c37dc051dbb2f1d03a3693de,3603d5e336b125a3f5f659a1252a29c3,90010,porto alegre,RS
6957b3f555a2d12a5695c6108789df75,386503f8c11b7c0fa148a77a039e6920,22261,rio de janeiro,RJ
6f25b294d48cc71893594ae8ace3056e,0aa18d91a45ffe9217122c0e4eaecbbc,14160,sertaozinho,SP
a539b9d6f9045415d847df7fd525d2bd,59ea36903f78d0d954b0fc11c6203542,22793,rio de janeiro,RJ
aed3f1f445a4ea906938e139249662a9,d6bc0e1efd0d78e7ca81be2865110c6e,4820,sao paulo,SP
d6e5a4173470d0e38dcff1153aba6397,4cf4dbc82dc5faf26d7f363ed00a4441,69018,manaus,AM
fc3cadc0c1328b099cba58d281368351,8187563594e41246f8e959d4922cc292,75804,jatai,GO
457aa2d8f32998f155e8d037e5833c89,28a14fa019f261a7bddfc820dae8d616,30315,belo horizonte,MG
725ba0268900143556050bd3513a3369,6c1a470cc3b59370f0c874af9d0959dc,37540,santa rita do sapucai,MG
ecbefacde17c98967b427a3a1f98880e,54a6ac9eafde53270240650b842f57ef,22735,rio de janeiro,RJ
4e364c106217fcf45f21a4db793866bb,b18983823f3259d8f50a36496ea84a8d,7990,francisco morato,SP
3b0841e521dffa992a8ef9e4e00b2c9e,caca4ee1e654062eeef97972b8e24807,95590,tramandai,RS
b7972dea0691475465acaef017a83fce,00ff5e862f825ac56e5fdfaa6b69dc51,13211,jundiai,SP
5add6659c12e55e5d6379c8ce5786512,a46ae738be98cfe3a3459bd915ceffc9,94935,cachoeirinha,RS
437820aa4853d90478621dffef1aae45,a50a18d0f932c1cf1dec68cc1d281d8a,45930,mucuri,BA
6ec2b4682814cfdac8d92bad42b3ddab,57f0ea1c7f6b9ef8615c0a0b8f06fe57,1005,sao paulo,SP
f778aadf83ae85d8364c56f1daf01234,02bb821f9cd6c3079ecb9fed96232e18,13201,jundiai,SP
74a975276d0c266162d2ee51a6fccea9,c87e6bc73afbc7838281b585639835a9,44380,cruz das almas,BA
9d20953453325b0f8badf470f570f98c,186e4b97d2704e8b76235b8d7c5d38ab,6780,taboao da serra,SP
a8f78dc3ca07ecfceb3908935971ea3d,f2047914c6a757000c15b12e14f86213,73840,campos belos,GO
d6e011b818659fed8cfa433ec3bee9fe,d9ad1a4f3055a4d3cba840034166b1a1,13091,campinas,SP
a55b85ff2960e23e05447c3c371899b0,44723e30324b2effd5a8247794af92c8,70680,brasilia,DF
c9bb3eded2d82109dd047788d425e3d9,16a80e00832b1f2f7dbdb8073f8e2ed1,1306,sao paulo,SP
1604b4e7e39484634a197748796f7fcf,61d5812ce409015a34adc36209b69605,26270,nova iguacu,RJ
98fb13b264449f06da6834b86e0693a8,f27ce86890789e9bc697ee9d66e13860,70673,brasilia,DF
263d3314eb124da16668b6968c381690,864c5e4e1eb2432a0a373b4bab423ebf,3025,sao paulo,SP
05e8586e1ca488defddd47b5be9179c3,f053e082c3563fa331d4cd0c5d8ec177,18132,sao roque,SP
083e90e0576402957154264852d4b8ca,8b480743fbc5cbebc7c83868fa796001,53437,paulista,PE
235e370b48423c2e8fed39564743df8f,428bbd3233e9562d384347240bbb68dd,4524,sao paulo,SP
fb60e1236b474808fc33b9d2bf26d323,27a79a1c25acfaf04056f8be771fe8b3,89899,ipora do oeste,SC
1c141ff3d234a4ea775feaf7d0024a59,cc8e5ca7b38506fa626340b3c84b6d89,87005,maringa,PR
1b353c00c71689afba44554e43cc5a76,83c6df0d47130de38c99cebe96521e8a,80220,curitiba,PR
76e17b3467f6f930eaa9a1ce94ecf27a,fe8282f689a7aa3d630b7a37a439de01,13848,mogi-guacu,SP
b501129c66ed61e8d5cb8e2b67e29e4d,724212362646bea010e7fd5154a4a046,35162,ipatinga,MG
54c424fd34699c65ea6d0c12a80e4a72,3c1c6073be5e02b8f2c564a71d6874f3,4205,sao paulo,SP
3c71dc159116331b7643d296a921f725,dfb6c5f0a9757047b2b686bf88afac32,6708,cotia,SP
1373cf3dd7bd65ead85da26b09d4ac41,cca0adec0a3b226a6f181d73f4387aed,81490,curitiba,PR
ef019b3cc077faf03d999168daaf8d07,ac5c80edeb6db099ebffbf3e53ddcd69,9961,diadema,SP
2c4bf1b6bbd370f8ce5380fd47458fd6,31e0eb64c5eb715aab04433200ea4ed5,13283,vinhedo,SP
f93bb6c70a7306d18a24f77f1889916d,ee0a41f3ec008b1459efbd99c775e6ea,99965,agua santa,RS
fff89c8ed4fcf69a823c1d149e429a0b,bdf90466e574f6413c41cf94d7bbb610,74663,goiania,GO
70f95a47532d0a1ffd3b15302f61a1bf,34b6869483f9c2ebecee59d3be7f6416,38401,uberlandia,MG
559c7dc3c6e74dde85904855ba4160dd,2a393a5dee1588a253bb682ce017c9bc,29171,serra,ES
10101c15aec095b6078c8dd047739392,38fbfbb8a36e56ac7f401e5fa76f6aac,91280,porto alegre,RS
cf6c82a042005e750e4b3d9c67c4ff03,61c3f91716e12d5b61a072fff1d023cb,60763,fortaleza,CE
7dd4ca386e9a4add580925c77a483225,f5fb94d6a90c9c055bc6ea6489471601,84345,ventania,PR
a6a0a62ce165053b536f84be26fd22c7,81173dfefc72d08cc9b859fa647edd0a,13874,sao joao da boa vista,SP
544e77a62037110df48c7f23d0a320e7,4d49ed305390ff5ecd6ead3bfbdbd6b2,18720,paranapanema,SP
4d547b17f5dc533970786de8f7233eab,d3efd0ae3bee9c35f302e336aef87b99,66040,belem,PA
71f4e2eea08ac9a0e2ad53b2930a6d47,e76bcd285f8ef4f3ad98938cb7d266b4,24241,niteroi,RJ
3ea256d0100550636253563da3e913bc,8c7be63e191ee9f0045e3b61a4d44867,29102,vila velha,ES
29a52f6b724455dee14a237a5a2aac5e,addd6dba00b61f11e7f538610d557bf0,6454,barueri,SP
dd06035a7c124081d791d46dea94f128,f251fa47f92c30e90adad31062a96a86,17018,bauru,SP
ba5bcfbc3a5e2dfa78d63431c45c9f27,0439cc7d06009c57579b7d91fd979b3b,29101,vila velha,ES
7285d15435fa94f928c3038f8dc075c9,9caa11bb2ba9230b0b8f911f3cbc994a,90650,porto alegre,RS
1d1304f7c4219c811517a8efa5985b39,1a3497c1968b8a64c45e06d0ec3e3c4e,35550,itapecerica,MG
b593c249903e4280399e991fdbe8d7a3,afdd204d84a80bf0269cd6a84eb8c274,27288,volta redonda,RJ
bd9f453692541458b7e80c8ec16bc167,9b475216704f39cb18ce448648b995e1,25655,petropolis,RJ
0e7a526b73f0342ab3cd037f4b4a2249,c9aa80e7fe729bf28c9cc28e48f8a5bd,44571,santo antonio de jesus,BA
229d046873d7452a773c42e0f35916f9,30cc7860f832668d8fee80418948428f,13401,piracicaba,SP
933bf00ad9a4f8bfd36bd85e09bd6cba,4ccacf05f1c687822fc379cec1a70493,4401,sao paulo,SP
1a13719d21dafc59a8a17846e0172f0f,21847820266c73e9c86cbb702e2ee3f2,13630,pirassununga,SP
65e8eb92d79163578ff601cd27408edb,dac5a1cb9310e1531c38624d1cc518b9,71218,brasilia,DF
5331ac2d2ed2def738a9c200cf8ebacb,d15f677a07a60a4f9720424d88ee9d67,15040,sao jose do rio preto,SP
fa37c71b257f8a67ce2e7018b3aeac32,a2bdda78bde40cf6a6f02a0171885daa,37160,campos gerais,MG
bbd1bf1c484de6d5996c11f0b44d7723,620752c95eb8eebec0de7b53ce069e79,12242,sao jose dos campos,SP
216b824e1aa1817c80b40f8f2f8b246c,62bdd32424b656b8a1eafe5786bcdc32,89560,videira,SC
bcf9a8df4d68e15e629cbfb6d57458ac,3cc6f2ad495b125862d0b82af8bd7ba2,13295,itupeva,SP
9434d806ad79343f0380e4c9d87453bb,5697fda4932c74e997cd7ed468d3abe0,21381,rio de janeiro,RJ
31a50cd525a1d809fbc5b380d8ba037d,55bd4e233a0f19fd2598ad4a5a031dc3,5311,sao paulo,SP
66538c9da66571088de88815faa7ee9a,8c9f376c4c714c1afd0255c7cd38b492,30295,belo horizonte,MG
b82c4220110dc5c1c3d7f067aa9bd065,1355c77463743fb99dab7bcc301e37b5,75860,quirinopolis,GO
b323dd4451f8a811f505bd4c597bd181,659b2485938ee7ff6b7914b5fed15de3,1524,sao paulo,SP
e5a7f1cd5e6d13ce42e327920e0e065d,a0e0770d529c5da6dd71d5be8620aa3b,53520,abreu e lima,PE
72430ca7638959110ed1dcc035402546,d1253237cc6eb7a60bcb018343642b0d,17300,dois corregos,SP
4999ed198018f2b49b17e3d27aad9253,ac8a87be144e4dd4a0f044471b037fbd,5101,sao paulo,SP
f68bb3a77af642b3618a3a67fa542e47,23d400ad6551160747b6372767a586bc,31578,belo horizonte,MG
499311489d89baa6ed8f9f9f1f3758b8,601725677c1484660662470921a9f01d,3605,sao paulo,SP
a11dde3e6e22e6541818f5e81563bfc7,5c88de047e539f2ed9a643b3c7522f14,17250,bariri,SP
7d8fc5d1f066bc73c68e6c207878c1b4,de94623fee735ec65d034e247e2bb488,33913,ribeirao das neves,MG
de04f6bff05aff27511713e16692b29c,0fd39b61ec94864f92e18e5d7144bc6c,36205,barbacena,MG
a88f6b2e3e51c830e4850876c911fb8d,3867198d50d68da57284e0cfec9d1902,47850,luis eduardo magalhaes,BA
254a99b66d18dc590fb0b5e226382afb,9b97ef812444a46c3eb4d21ade18bd94,36010,juiz de fora,MG
250db83427885000b3aa996cf9dc3a72,4a6fae603f245a9312b737c601aaee78,24230,niteroi,RJ
498262061f04103f440f2e643da02027,e8001d7ab27230c1f2fb39aa63aea136,28300,itaperuna,RJ
d68f1a91d75b0f64bbba94060bc54bdb,58075e17e770fc08571c3e0f452f6a11,95700,bento goncalves,RS
cc1269b1ae384f3a4534a4433ebdc619,bf239907e57d7557cefdade4fe7eeff3,38320,santa vitoria,MG
bc01d798f24a959b19dc8168975bf7ec,dd4f1f5038183f09bdaaeff43ebfdf59,4556,sao paulo,SP
3e2c76f875903f5937c2713907124051,41c42af2699fa844ade7aa352aba78d6,4195,sao paulo,SP
1e223899442e479b03b6e0056d14b25d,3ec3b9e0f51059e087237fc0cb06427b,83860,pien,PR
6fe3e86aaffe0c52d238e4f89950ac1e,3543bfa56514a2ca65d2f2a7470e3ea7,49050,aracaju,SE
de67b8bed7fa293d54466d66bdaadc62,1af6a4167ec3bd3d41226dd8e0ec063e,9725,sao bernardo do campo,SP
f9ea98973ad5377b86d588b734afda06,454426cdbe8229d900b78aa314e386ba,80050,curitiba,PR
3b4d546d0e5f84a84c5cd3034c557b72,3deda78acb25da21d9e439aa39ec6ee4,37660,paraisopolis,MG
b58a1676e51dec9ee146aa8f8a101137,15b2054b3d57a634b130aa3929cccca9,9850,sao bernardo do campo,SP
ab0703a77ae050888f246bbe42ae20d4,ce4630b1709558ea3d46969c4637a1c2,30710,belo horizonte,MG
cb8b25b7698ba72968a5defcae2a9834,caeb1308506f1e45d3cb60c8836223b6,4715,sao paulo,SP
04aef4b2c2bd9d55991e8f36df779b01,dcfea0c82522567d4b5d66cdb21b85ac,56912,serra talhada,PE
1a954bbd169e7813291d468aff07267d,a8e08d4f5f9bbf0b7834866de94b6aee,17511,marilia,SP
06f3fd76e17823db11f5af33cc79ddfe,971257d709595abf1705177bb9e1ed5c,88015,florianopolis,SC
c68f1a0b156eeb49b2b3168e4ab55681,2aeb1b7d567e9e232a56cd0b80ec94fa,95200,vacaria,RS
ffed5d4f6245fe13cd57054621eec36a,01ba3180d3c6e7a6e269c5a542985423,9371,maua,SP
c938988c02e9d1e1a3f96efbd23258aa,d51e48461604399cf19e162ef5c63aaa,5406,sao paulo,SP
16292a565a0a28cb79837f9e0aee1ffa,aea7ab8a59e1b8edde8454fef6dbc12a,81450,curitiba,PR
b54c3706d7d7a59b0f07541d4070dae3,1ab4eada30fbc61fccc37625314cd6df,39802,teofilo otoni,MG
1a87ac7d56c7f9d337a271a7c157184c,04effeb71dfa28a5096368addc3994be,5730,sao paulo,SP
fc056cb6f79dbf7ab1e6ea6ef66f7837,2d88f41123c35ee8ce8dadc83bbd8650,26510,nilopolis,RJ
a0a88da4a6858c8d7cc650bbd21949e8,d9a5ebf62ff59b5cef9e4e36b6a76f7e,97030,santa maria,RS
47f2b4375b6c1aee9a4f95cbe493e064,ac546f61bb0d49eb5b0d8e61f10baccb,6145,osasco,SP
6078c8dc51c6fd4e5b6eedc57b35c1bb,6d0d423516a68d7b751cdab41deb0539,5438,sao paulo,SP
70f455685561519d6a7770423cbb01ee,c81c9108cffad3027309e6f0ff327de4,6704,cotia,SP
dbd46952d895ea4b8aecd9bafd411def,ebfe9b42d73c997a677f615bf7116f18,71810,brasilia,DF
9b079dd2ab921fbefaa935054ed0e183,d9d7323fcb35521dd088e0e0ad50e8c7,9691,sao bernardo do campo,SP
c24079076289d150dc154ff63aa67b0d,ba98641577fca3afb04c3d592fe9d23a,53090,olinda,PE
0dd70915d5f46c4cf8afce382e0b5b86,526126c9f6a2a58d226b574d4d6c2278,14020,ribeirao preto,SP
f615b9fba62078d016eced173b68b46a,f9cca38c05cd67ebb1ef7032efcfb6e4,17340,barra bonita,SP
caa3fad70b77994e203633b13ea16118,b617fded6582af145caf2e8276e21a66,19840,maracai,SP
c991372fe4a2b75d9c43c318062c1f97,1387a0c12934ae05c968ec7313927811,3101,sao paulo,SP
e630c8a8b546a3a6486ccdca9cc6eb0a,ebcabf25f7c1fe3f0b1dc696cb94f1e7,13411,piracicaba,SP
25fc5fcd13751095236ea257c9cfb62a,ff4050535c1351cd0b834ccf1c9d07f1,23066,rio de janeiro,RJ
36e350b874ae0ff21fa49492008293e1,1e97c482b4c9ec386bf5ea4584289a70,5601,sao paulo,SP
46b876ce0c7611ab7ae7c2b39e154f6f,317f7c23f9429892d053f233f72b4835,86800,apucarana,PR
d78589eeacbfd204322ded214caadbe0,14e5ef541a960b5424c0b5ca8efb0ab4,89620,campos novos,SC
2168d2d4dd69ec09a3693345212e5c05,a6ae0bdbf5d4597db98f2f5fc9fd49b2,35700,sete lagoas,MG
f4514fc7499d3434ea63195c12bfca4f,2157586e083812fbdd11c89877b7c37d,7044,guarulhos,SP
3ba38209ae8f27771c90ec6b410f2043,91798cca876208ae649532488494682b,88915,maracana,SC
7f43eca0e0fbe513128a735c72985870,829b3c40e0691e56247d62efc99b9275,38660,buritis,MG
b14a788b10030beb7ea368ea345caf7e,7272e57415c0b45aacfcc713430ae98a,3685,sao paulo,SP
9024b6b926dff086c50dfd85762b9a45,a738c21ad87105ec4bcf95afff07f224,22783,rio de janeiro,RJ
0cbd2df3d6e9d8b1eaf5cfefc44886bc,1de8fb735d8252498d9a2f82a68c57e0,9411,ribeirao pires,SP
cb633030180d869d7bb76aa783a78b6d,bdd790f120738cf7ae6c93b292f4dad2,4726,sao paulo,SP
0c0b4497d7324e5a4e31262c93fbc3c4,3595d21a3d79ff7a508581144acf0ed9,6020,osasco,SP
30abcca05e3c8ce1278a2d8f8abbdfc9,48c8add58f6544df93e408ca2f7e9333,8450,sao paulo,SP
941b415ac43a2e974940f5a1bbfe03bb,96b5aafd242ce556960678bf8d654fc8,63020,juazeiro do norte,CE
c3537eef72f2b883b3cbc75b1b9480b5,f6b24980bbfdc9bd9420a481a20f5f64,8190,sao paulo,SP
df8ac4f435671909cf15a66d06670f2f,2533c08e536d5bb805fcac72ccb36345,88810,criciuma,SC
020c87503e1eeb262f17c9e7c0b556b5,541605c030a175016e7f070836946584,3660,sao paulo,SP
ec980872eea3778facea3e17ec48107c,ed18ac3d4b68e1401845d3e48636a8e8,22440,rio de janeiro,RJ
07c457249ec4f7f19f0244025b671ccc,e5d380f1cd5c220fdab47e0245471013,17690,bastos,SP
05ad208d1e3ae7d49fc33c89026327d2,94f48c018010de09d9c471e5d819ea05,2041,sao paulo,SP
57690c2fc610a75de4875a2b9f1826e6,eed928b8e9367862e039a6fc6b99b193,13478,americana,SP
e3298156bce8173bef2a1711f27f6242,eb43369355884a95ba9a3b11b671d9c5,70658,brasilia,DF
e18a73e99813ab848fe50a216642fbb5,b0a1c9b0e0f248dc866daad0aa8b4081,15014,sao jose do rio preto,SP
42090a79268b92ced0c591a8e63d57c2,e7aa5a5869f3e9d7d04fd3aa5f90631f,60822,fortaleza,CE
508477b76a482e31673805fe43e12760,90b8655cad0249a3486a2fd8c8a3f4a6,11065,santos,SP
7aa6b791c1e47633122b949ed9d51b83,92da62f41874917c011d600988b731de,96080,pelotas,RS
6d03d9c7d95db6de5b59aa4d7218ec07,1cda4924a950d149dc93db0ccf548933,3071,sao paulo,SP
0d14d28bc941474750feb2e030e54460,329932a796b9bc326d71e3b932182cdf,4849,sao paulo,SP
da40474632f5b5c599e949b0800e7d64,6de77ffc3e5e321221ec0c1740a0503e,4008,sao paulo,SP
ffaa23e5ad898d7e2b73cd716dcbc43a,25f287951bd4fd3e2ab42be9b6ad356a,9725,sao bernardo do campo,SP
4d916e585f3bb295dbc15dafaeaae8ed,9433a8f8dc53df230460bbde1f7cc734,22060,rio de janeiro,RJ
bbe208ab812ec207b4af5580b64e68cd,6d4f8f9b9520103722945bb5ddf878d2,88036,florianopolis,SC
95ae78e4053ce98e9f9aafed4b2ee1df,30952df05684c6dda669f049624c4854,37120,paraguacu,MG
c913ae1bc977b139a50287f6bd0b1c19,d26b9e4b03f3c35e31689df0835fa1fc,82820,curitiba,PR
1f72dd32d17ef87a76bb334c45094010,6a3dabac1e1385555cd423ea8fef12c9,25561,sao joao de meriti,RJ
bac7cc91caa4078e7a3e7e5547531c1d,cff02987650918e27f19c8180a070120,17180,iacanga,SP
1bb2273c4c26af24561221cfc4fbd7f1,647afdb8a120547075e55a9dfeba6bcf,8451,sao paulo,SP
8cd60b7cabe05795e02382b0a522e2a9,45fec378a656a14acc8905a78e477cf9,18278,tatui,SP
9596cd16cfef60f8c7ec8c8d78d008f4,1aaf8586442c8d4d86aa61069f858c20,35920,nova era,MG
477b96a7bebf346f0b61baea85b4e2b9,bd89e92f1e1f6a7ec49af109d08aa258,13044,campinas,SP
7e1c94909b82d667fde37d090d81d101,3100ac181f080ff2a7beb61813c0517e,87900,loanda,PR
72601f9936d6de055e5e2c1287c6d2f4,d6df1c8cb71c59d9b52d828dc6d0f5b3,71926,brasilia,DF
5234fd7181ad48cc892aeffb5cca652e,c4aaf56cb82d8cafad1c2281fd3e3bd3,91550,porto alegre,RS
0d8cb40fe23920b0a6078753a31bb617,bff4ef831a377c4d6e06be5dd035a8d3,89115,gaspar,SC
22a7b639ea009c1e430eb43244204bda,99897fc63e00fd2cdc6d2f3ab36af9a6,18685,lencois paulista,SP
6b170d60eabcac609caaaf419e9e57f1,f121943f335b4993188fedd3852ea3aa,69037,manaus,AM
941a225471304a6c4d1e3694b7a19220,eed3d9c8e42c6b95338e0a8b675640e6,11750,peruibe,SP
affa1ae9fc01158bf723814d1dd9d0ce,68662748141dbba8076b5d0e10565c2b,4015,sao paulo,SP
b253ab4ce264a72304410c04d66e3908,eb558f96a4145d74586480071f6e7c88,35500,divinopolis,MG
b5ea05c72a89dbe101d94083e18df207,3e93369535d8f45643c5e1dc4467924d,4075,sao paulo,SP
e1ec5ddd749cd760a0c408a40ae5a4a3,3b253518af1e74199da663e4e5be0ba8,57017,maceio,AL
e9fbe7886163acf808479322d2b87ccb,2f749dd89d87f7152b35121a5693a684,45028,vitoria da conquista,BA
746ed0a7c874bd450e922647085e4d9f,a7a6d8b62390ec8014d5a46ee36644c4,21331,rio de janeiro,RJ
acaf6410aabbc2e292355a66dd2b38cf,f6b05295c28d5b6a48f53045968b91f9,62380,guaraciaba do norte,CE
98a0dc59ecc82225fd647c39cbdf1494,9dfafc5d068fcc52a9ea9f28a88bc4fc,98300,palmeira das missoes,RS
07c7380ec99877459637515df52ee55a,3799155bba777b02074b6494271aa522,3669,sao paulo,SP
b22eeea84d8a63d56ee0ebb6ec8e0ae0,6aaf7b14b33d2f1f51397037f629106f,35500,divinopolis,MG
2ee4ab7bce291f4adeec13705aaccb78,142dc6250eac579893595d9889411834,6865,itapecerica da serra,SP
544df65cf6b7f2cc5d7637b4189edc50,06a35cec0273b785b2b58eb349841fb2,3513,sao paulo,SP
b74584aa39691bb6fdd0f68571d3ba0b,f72b7208452f18c74743c34dfdfcb37d,62400,camocim,CE
bfb4818d76854787283fd72c7b5f84f8,9f87499f6c7ccf05c3daa03d76bfdfc0,24737,sao goncalo,RJ
6003f6ddce876108eaed4aec0167e894,a26f0c0f1bfad5d305a5351ee3638b09,39401,montes claros,MG
acec81168c11c0d01d9d5955a3d507ab,acdc891424230535bd0833a2ac9e4c2f,13846,mogi-guacu,SP
e3d025dfd872e46859d611e7a73f6c2d,b855f7dba22eda6194da91c68e5ead90,13201,jundiai,SP
584ca487fd08f3d048ec266f3842ffcc,b28cf1534409ed866f62e2c39b470a98,74680,goiania,GO
09aa1b31dfac63e1e90d5ddf79560f86,698ffce09a7b0d5674f46ed3a048bb23,24360,niteroi,RJ
1300309886aad22fdd4ed0f2d088cb3e,68da764f5043d55d8b87da8b287130b8,91130,porto alegre,RS
9974e59c3f6c8186342935125184d014,90f0b71981e1b1804ce0a4e267381ca3,37655,itapeva,MG
eb3d937e14cd9040b4841334e8a12f0b,309bf78217e9e8ec8fb0c45277ec2ca0,29198,aracruz,ES
a716b6eccbe4faea73f0d19022e377bc,a9179861db3b155bea5a214af4646b91,11310,sao vicente,SP
a2258343416fd06f65ea824cf277279d,b0f8b29e1c16a1056056c704ae7a39b7,38660,buritis,MG
77dc1be4c4766a308f7c7516b732a825,ea6f35445410a3f7e74c018be1642995,59151,parnamirim,RN
ea4f873be6925958ebed930e5f18f72d,1880b6db60181f2db9ab6428c0ef9e9f,45065,vitoria da conquista,BA
d29935fdaf4a76f34653da3def4f2a24,c3818f2a1aa9b856afa2cc5adf8e97b7,78652,confresa,MT
fc63101cdeb7148093b5bf42644568d5,46f6d9edde823b57360186471b35d4ff,4509,sao paulo,SP
aea320a768b6bf82d76979c16260e2a9,11f1da7f54ca7505e5d1b255774ac6d6,31130,belo horizonte,MG
3fdd4a93bb80c78e818830946d34cae1,c74e6e27f6149abbc364faba5d7d4357,71503,brasilia,DF
f760b1ac2bd99fbc9141d64509cacc13,27bcc6a34c8d1680d0b37534ca64c09d,37010,varginha,MG
9462d88d82a551270b7c345a53aac7f2,77ece4bc1200eebeef65ecb4fe0188ff,37410,tres coracoes,MG
18e2faab25e5ef1ffc283ef3775b9a87,0856d049bb504667a1a2c34d75af0061,32010,contagem,MG
ad66699beab381d0747605f108cc02b4,29b186723b197669f69b7d63c3e27c07,21044,rio de janeiro,RJ
48fd5f9b1d184c27ecb32729042a3200,772d34fd17482b75a4e3e1f59db60f27,85819,cascavel,PR
127220f5fd65f325977f3c96d2538ea7,a69774cf9758fc590d8cd63a1192f717,9666,sao bernardo do campo,SP
ae8ed9c83d32613ae9f7e6c72443cdbb,0f04a72a4b5d5889a83916f2342c9123,9415,ribeirao pires,SP
fd50af22f5637b7daafbab8605f402ef,50cf4cf4581da5c885d489fea967bd48,88815,criciuma,SC
3ea720b336a4ee1c2a5fa2b77cec0d48,ee3f2b083f171af669ce297c27b14df3,15030,sao jose do rio preto,SP
b2822eda717522788ab9dde55140fd8b,5341fda1b36716b4461eda71b6c32483,18185,pilar do sul,SP
aeed83f14583aecd0c82d49c45a833a8,961e5601bd093eed69dd3e864ff4238d,54080,jaboatao dos guararapes,PE
76f71522a4d0db001ac6caf99763656f,397f33f299dc46f1961bc7d2262a96cd,38600,paracatu,MG
5023bc2931283adb435a1ef20a8ae944,45a484fff4ed3199e9590e6a404bc771,97503,uruguaiana,RS
846a4b8f5a1ef6bb498fdea341f425a3,e307b1e265fb8e6fbf392aaf8f4fc93b,5092,sao paulo,SP
1621186550be18f3174537f01be9a088,a466890f787547d0e08eb3139c31ecb2,30170,belo horizonte,MG
d00682c2eaf70db1869809d2fbaf7aba,556ae943ba81f78f9d6db9e9b7ce38d2,30180,belo horizonte,MG
b10420d1fe67d729669d0f2562333884,82a13035f3bed08d1d07c175af1a2c3e,5818,sao paulo,SP
d759e1e92ecf8c1cbd551592f00019b5,5806b2a3f14eb5221103741839c44284,13165,engenheiro coelho,SP
be914b8a12f44c21a6a7070f585e2e42,886aeeb2ed14cfff6830116322de8e4f,88200,tijucas,SC
44c788d8ffa07a4963c9b8bd8017d151,f672d4ae866d742fc72d3b4c4d2cf23d,4119,sao paulo,SP
5feeb43744a61e50a53346dc3169225e,0ea72bc8d992598af459f73c9969837d,20560,rio de janeiro,RJ
1286872c3c0be0909184f3a1056a7471,16bc2322bea13ae832031605ee72b8cd,95720,garibaldi,RS
f9f0c70f7f91d4bebab7ed1cb0206489,a410644642278171ab477d7eaff0d877,23894,seropedica,RJ
9c7d82f5c79d496c6427f47690852dee,2091566068d3f2e7d7524403dacb695f,3127,sao paulo,SP
795d2de5fab854dd2b68a6c1fbaa1f21,106f4773e01af29c551f2906583a4bfd,79096,campo grande,MS
ed3b435e402f52f7895ef9d01d8e2e2b,2cdea5548dc91c876f311a4530c75f1e,6194,osasco,SP
80acb244f16eb759ec0bafcb47c21cce,837525782a99405a7e8d6f3795240da8,22030,rio de janeiro,RJ
4c3741130dccdca5d4fce3bb2822c9d7,5b8830979a628eba896bc7638f62d926,35500,divinopolis,MG
b833a0f7fdd8acded6c8759924e62100,f4ec1b47a4e08fd853abe5c45f53bb37,9120,santo andre,SP
e899e0c8c1ff8d71c53bcf89ce519cfd,f1440f8518da4d35fbe868fe12d586aa,11431,guaruja,SP
5941cab9faecc602df8b6e69150b9d65,1a84bb2f089e3c719176f7cb5648276c,49490,poco verde,SE
99e92a4ae3b87639d2b55ee0319dee00,964eb1b98713e4527eb11bce9a0ac1fe,1008,sao paulo,SP
d53c6b90e37d56179bc7524f9570c4fa,f567a12b251dc3a5eadcd126e00d4f4d,16200,birigui,SP
06d529bccb0825265d8b5b73c66e53d8,8f2afd41c8f5e3862f4882dbc9f624b3,55644,gravata,PE
1ff98f738e6baa6c7d6c262757e82720,9980b713c602b47b07150683862c49d6,4272,sao paulo,SP
3f0bd16414d5fee5cb1d19769c3c825e,6c20a0d058797463344295d2df549503,2613,sao paulo,SP
6633e658356d7a598fe1cd44a46cbf34,cb8a48f552b6dfba01c3362d4eec7e79,48790,tucano,BA
956346db615f7adb9ea991c5e4648c55,62b1b62058c7572c90f08ec692ff0533,89219,joinville,SC
aadf2752fbf607535468b271f7f7d094,6e24457b3e5fbcb86beab8de6c1e9c21,39100,diamantina,MG
0235c7c04d758c26265c6cbcd5f7c369,7e7f782f6d6a81ef26b8948bc4af7945,4631,sao paulo,SP
9204dae4645baa76dc0b22ec604207fe,63353ffeabffe6c1443f82ffa37036fe,77021,palmas,TO
6bf7cea1d53d6e27e5debdb2d5049ff6,86d8261e5b348801fec7bf7ed0726e39,15053,sao jose do rio preto,SP
b9662bb6c6a36059b08d2ade7f499d65,21f86e97c14e9524ace161a8c9decf5a,2408,sao paulo,SP
5ae24f31b56e4671fd61703aa7e9e9d0,613c38fc69a2db7f91ab1ab9f1f68e1d,29950,jaguare,ES
051eca5824715d378df187a46e1005e5,7e7f74ebcb61f6fba286b37002d3f93c,60530,fortaleza,CE
c09970e56f5d00bc2f622b118574113c,da781728efa581d1eb0906cf3a064071,65700,bacabal,MA
33b83055b03f489566ebb99c68d45cee,068b73f9995e1550291624093d1a2853,15950,santa adelia,SP
82141426f5565b47a8b8433342024da7,7b15d3cbd163f636a2e28c3edaea9a2b,13188,hortolandia,SP
8514e0aeceab9ef5bc9c2e86392cd6e6,1f53a28536539df3fecec45ae1e212e8,84196,colonia castrolanda,PR
add7aa6095dd2aae6b8d70d022bae3e5,a5bbd6eeb5346baf703a636f93182379,65066,sao luis,MA
7256634bc293062e6fb1ca1d6fb68705,b93a5a889d5631f90288141fed44d192,73360,brasilia,DF
36a52cbef5f4a32aed0c0215995985d4,bdf66f18d41be7aa7fc10dc72e188357,63125,crato,CE
515dcc3641e65fbef358398ae6dc91cb,31cdd1df0a1e5ae952d89a5fe0d6eb15,95700,bento goncalves,RS
6827d3b99adbf682f10a79d50e8e878f,e20d9dc6159a9157c8fabbdac2a05319,13660,porto ferreira,SP
ce24092edd3791e3991bdabf0c09778f,dcdfef6e28d0a7435f0cc0fe0483283a,24120,niteroi,RJ
b03af535806e398922311291ae3e1f0f,0377f8402d448137ba33672d6318d8a9,30492,belo horizonte,MG
f859fb23e2e8315da5d17d72d4f372f5,226d199a40aad52319f9dba92f46db66,30380,belo horizonte,MG
001df1ee5c36767aa607001ab1a13a06,46b44ab325f78e5bb3dc0bbef1082082,1030,sao paulo,SP
e67ca606dd04696d0ab6e2ed2d63a126,809ea1c56f165109936fe5c51003fbfb,4674,sao paulo,SP
6da7fdc344021e769a846085968f48f0,4db04f3853752458316271e5a12f422d,89600,joacaba,SC
91da5278c565f5d5d22b3724ec4839fd,83d4f03665f228247540e9d373cbc65d,89037,blumenau,SC
cb3ee5f55f9cbc6ed99ee638a4c72613,a37fc2f55cb2f185411e5c9b7b0f0bdf,7600,mairipora,SP
6b250e93a9fe0049b1ed533c40c09dc5,99290dd63894e6cec99063010136d484,85170,pinhao,PR
59227a9b6b75b6c0612c26336eec0a47,edd5bf7a832faf132ed09bd37bd78438,14115,guatapara,SP
650a73a3bd9b9aa96aa43406dd84fdab,da213261705e114a5d85e48535abf562,4455,sao paulo,SP
7f6cc609946a187554550e1a9192a46f,35da9093ca6f1782bbad4b328e31f35f,3378,sao paulo,SP
403c7562d9692e5a762a79faf64b6e00,0af06d73980ef16baa634f9cc4b23209,7745,caieiras,SP
a5cc05472dc39567d79da21664133388,d984dee7d1584f0e6f2141b680f7dc32,88750,braco do norte,SC
1a8a24b6904f80d445faf68aaa56ce35,e105dec92cee6465244879914c792707,88802,criciuma,SC
15377ad18854e02069af4900c8e4039f,4338059435dc4de9f8f3ab662f62ab01,96211,rio grande,RS
9388bb1d7e8b53211cff72e787efb6e7,5d9e7d998439876056905e04fd60c5b0,22291,rio de janeiro,RJ
ca2138bd02478a64b51c063c4bb7fd8c,7a4c9f57e55ea064c1b84e20a6406be6,17524,marilia,SP
c445359b5a2478c8b99696562ad4a2fd,61e32ff7e0509ddd8884143f08643318,41830,salvador,BA
8979bc6d19e57fce199b1fe679182ab5,e11dd3cb983e7c8cce72d998430bb6a4,72445,brasilia,DF
d9a1e98c40e9f2718780ab89fd85a1e9,e7039843c54c69530bbf70d926baaab6,2866,sao paulo,SP
d6e5282ef68aa9ed7c6d9f38731872ff,f5d32f2ee3d4caec1870de481c276bd8,74620,goiania,GO
afc216c58cdbe8ed9cebe1495b155a86,5ba3404c4dea10b76ed8db6f1999b012,37504,itajuba,MG
f40f31f8bfcc5f74d9d246354b90af09,8e62db6f625288ad4792855f994abefd,31050,belo horizonte,MG
f211d9a5df865e35ec0010fdb6122f85,668ddbdd3ee99d4339eadfef21531d45,22760,rio de janeiro,RJ
406c0e75c679a46577815134afa52837,48dfb1ef4302af2fbe7327e379ac9903,28230,sao francisco de itabapoana,RJ
259a69df1ae08bfa31e849741233d520,97de814c468893e08c96ec1575ff80f1,14500,ituverava,SP
5c72e2429dfcfb0e1ac946ff1c05a0a9,31d4b05ef830a7347b8f43640eb6511e,38402,uberlandia,MG
13d5c0d8f58b98b7b5fce3cefa1becfc,c417bce61f433af77e86d2f87a62a37e,63907,quixada,CE
18715b86f15b55cc06dcaef3708656c7,f1222bacdff89a25eb29e54eeaabbe6b,27281,volta redonda,RJ
911ddd6a22200fb5be95414c01dbab72,243b20ebf709615111e1151da9995cfc,97250,nova palma,RS
894337b29433786ec770ef5bf5475cba,872cc08a1ec02f94f728a1eccfa7a80b,9290,santo andre,SP
72a03d436c15b5093f8d9022b8fea8e6,62cbe0bdb79e0915ce4144526dc3ff31,42700,lauro de freitas,BA
bff5a17c6a2c64100921da9fe9591a43,95ca2c58fa0c3425b47e477d1c7bb829,45836,itamaraju,BA
5133dfd79e71fc9244e60dde0bb6229a,4b4c2d367706e25e519323e9d57271b6,13171,sumare,SP
c8830d8a8312a8b3b74370c4e61202ec,8b433c0e7b7d2a1f1148b4277cc673f8,1221,sao paulo,SP
a7bc004b32eb75e7546d6b81d5b8fe44,7e7730c025f8195d40ac4d0050fcf37f,31160,belo horizonte,MG
55e24d33ade77f949c22b6e008801c15,71d99240b28b20f7b0d9046d9ff6cbe6,2378,sao paulo,SP
1d811f8b00a528ee91e12ddcd26e958a,712285b21e58e753e86b93a8358dd1a2,20230,rio de janeiro,RJ
79af00341a7edf65ba773dee228d5008,aea237c2c4df22724a09c622f75633c2,25545,sao joao de meriti,RJ
6efbee10da96b631dcd2c0f3dcfccbd1,f80352378d6ff6454ac8cbb9b68ad4a7,18074,sorocaba,SP
21c8877e6b8dde1b62754d08036ffd1d,9e1fb6b16c75bcaecc2ee20b775ef613,83602,campo largo,PR
60759d1a0d02d7e2d74834df707b597a,3a01046c309a105bb4688bf2174df242,8290,sao paulo,SP
061f51318d40630bda76e35b9a222fab,db5ace16c6ee2bc98ab6ed11e82974af,70610,brasilia,DF
6e4f0d7296e92b7fc6a639314de3badf,6a608f2b5119ac000c62151f1357ee9f,38600,paracatu,MG
1d4ed7b29c69512e9a142a6a5c52f5d0,cae76dd4d838ce8f3f152baf0784c9b1,20251,rio de janeiro,RJ
0171707ab8e7ded84018d1172aa33c51,1648c72f7e1465cb7e79420fc9e91fc0,20775,rio de janeiro,RJ
5229e43884ffd6794e9397bd346ab7dd,fa8e13c098119467f86bf2d108eaeadd,34001,nova lima,MG
2a5ed0328806da6241e75520ed74d9e6,b49b24b28a12e3d89eef761792dd3aa7,14230,serra azul,SP
deaa5dd4f21cf2d8741e476989fe7d5d,8afaf1b7859bb5b215d1053bb9ab3dd1,6783,taboao da serra,SP
eb9e4ffb14ee9484e33031726c7ec185,8637ac34deb9ac3edb1dd11e7680379e,86037,londrina,PR
47236502c05ba94b54a18feb382a6a59,60ab50a68e50e803b56030bc364f0365,60320,fortaleza,CE
84906f555c4fa2c9333684c4de459bfe,0e662bf6962c28aca8d2e6ebfe053de7,35400,ouro preto,MG
38a210aed00016125db0e5206d6f300f,5a989673ac02813d30ffee0254885032,76812,porto velho,RO
15b359e85cd990ffbc6e10ef35ded3fb,2970ca7132685a4ea52bb8eff3a16c25,8040,sao paulo,SP
83f98a31688d3ce5de0bc10d5c375ce0,da1350640cb6f44df284977b3acef692,71919,brasilia,DF
3b56ff9de63e4c2fa73c05d315e51720,4945ad8dbe405f4beed15ceb12e2610d,39400,montes claros,MG
5656c0f19d8894f19e73e8a285136a1c,5acfe875aea7ae054fa88c103e42141d,66620,belem,PA
3488c223952176954f711d33db8c20a4,7ac51a9e42528f933b21dd8be915e774,31275,belo horizonte,MG
0b8520e0d24d4e14482e01e73e5740c0,d94137816541d7919b82c664a8f3937f,5387,sao paulo,SP
9cdd2de18cb0bfec28ca0c4babb6f253,ade3b1e61f3ba2966b1a22324d46d3ae,21825,rio de janeiro,RJ
e82808bc00d7a537dd141d2979b9398f,08dcc0dcfbaf8a8e6f610fe220427048,25250,duque de caxias,RJ
3c3cc3aa98327a4a14d761d165a30f32,aa819d3931d5810f7310bc3e322d52c0,13280,vinhedo,SP
2e57ca0d2c4b939fd528fe677acca228,40ba2f93181124ee1d17d12baaea40df,60175,fortaleza,CE
067715fac053f8972e3887e3784e38f4,4fb2e7406e0e99946ce171d6d7350e1f,4022,sao paulo,SP
24cddae2e51926ae7ac40c628a8338ca,8111e35251e270e133f321c2c39b2a9e,88058,florianopolis,SC
bd7ca23c050b88950225b16f05d65e35,1985f70726392d294f0c9a247cb95590,55296,garanhuns,PE
de9ebceca7f056c08928dfa4bb245205,bba3f4be9f3287f353960e7730bd12cb,7183,guarulhos,SP
f7a1760cb5d8ea758cf8acc50942535e,8e07b3d41f0f3c7afd1cc81864a5dff4,4860,sao paulo,SP
6995decf2663f921e8dfb49b3e7b5b9c,5f7960decfccb628cea4c3f2c4c7c370,13087,campinas,SP
ef679ddb34f8f011599d10e88c859117,48a91a904cbb4f4f4de08f6c74f39407,23081,rio de janeiro,RJ
da5bd8e328c797b2d8f4d7199d5e94d5,374435e2f0f48d047373cdcf1df86d8c,6780,taboao da serra,SP
4109c63be22f97950143c4acbfa68e4d,02880ecd2c905f0a16fa1ae3d0884b1b,9434,ribeirao pires,SP
3e4d5f8f67400f2829ce7e9dec5ecb78,cf1a4c878349bdca75ca44c3417b9ad6,31748,belo horizonte,MG
8c3d04e424d330c628d1c1f62342915b,bcc0c7953de6300fd23a4715ad9867e1,6705,cotia,SP
b3a679397fd9fc5140a33c5033458395,ecac0115f3d5db1b8336990cb105d307,36050,juiz de fora,MG
b544075a6d77dcd06337afdb49927000,3d9792f2eb1cac3a0e4c59b80198b555,9540,sao caetano do sul,SP
1379a4317cf069d7e8bbb40a7330d02d,e0d4d43bdde0d6a37b3496871e903096,91030,porto alegre,RS
ceec04c1f9846950a467eee17ccdfb85,34962563ebeec9ee2399336065fb09e0,5351,sao paulo,SP
3031f51fc039076cb3843d4eca6a6fc6,32b4e04212809329a3e5aa947d67df8d,76170,anicuns,GO
b77ef6aa11b50074739e74d4a78ae4a9,b992ba5b73d1e67d34f48d71a5617e88,75805,jatai,GO
1badfbfeee64a427f1e3fcd009ddcee0,36205e613ed685ef7d9bce698fc86e70,41510,salvador,BA
87bc0b31db47421f9c67a12145740887,fd2bf5ffaebabeefee3586c9c3d912e0,97770,nova esperanca do sul,RS
c947bd7320af6ca068c7ef4389693173,28b358cbc7d077bc3bfcc788bade155c,4561,sao paulo,SP
041c1b581b3d75b637507c4bc0e4905f,186faf3198f9fb8a82531e639b54db8a,17514,marilia,SP
8e7952773b680825d0c65e05592440e7,b9d9da6805f069d2324edb4952e9d0c7,15685,ouroeste,SP
72439ef3181cd62d5b508cb9beb48c4c,6a9228e8188372259d9a1db0e80b5af8,13505,rio claro,SP
5b9e676ba4af242f149ba51d095d4f5d,adda0d6fc1c16cde6a95d6bf6041558f,86084,londrina,PR
29c35fc91fc13fb5073c8f30505d860d,7e1a5ca61b572d76b64b6688b9f96473,62700,caninde,CE
e6dfd24ec0d6e4e7002fa6dca5bf55a0,7a76f872eec388119a13858df1571b2b,47950,cristopolis,BA
3274aedc859b9aa7d7e5db28cfb7768d,00ba737b18a7996f68cb8a99556bedd4,29167,serra,ES
710f531a591d1042892eb71a78499cd5,956a5b68d7a800491cb49a2a10f00d0c,56304,petrolina,PE
01870df5434a15efdf52f02d895d3931,9aa566e69c1e42fa9a801abcd8a2993e,63250,milagres,CE
dc7d9d7ec0b6cbadacf27e3308c17976,5ce1e506e8e4eb088257ce0888336dd6,22793,rio de janeiro,RJ
cf442293068fe81b9f4f4dddb9ce3f6d,cb7eecf6b3b822c5e3d650d79aff5156,38190,sacramento,MG
ad4316eb148e96ac9e3e8ca82cd92717,6c363f78f25e6c633bf84fa3a1ee651c,97450,cacequi,RS
eb4dda0b74d4100a8fb5368702e48c7e,824a8e4bf08155c4c88d41ad50b323a5,89560,videira,SC
3c88487f2410489139ebe9a219e728fe,79d7fed102aeeebb4d0ffe17dd2ef88c,12912,braganca paulista,SP
b36aecddfe5ccb0971ba9de40729416e,29ca20390ebb1a670b4f22c0bf757b7c,13070,campinas,SP
21691bb6e6986524cbbaa74ce9086c98,44fffb630b6f1fe30a24335fa467d905,60175,fortaleza,CE
97396993d63e820df7610ffaa26f14fd,cd933f89d0e65296590a361e50416a0b,30441,belo horizonte,MG
a5deab37103ca8c97bc8b9adb7de4c9b,34043e956b859978f7b8c3aefae878c2,8745,mogi das cruzes,SP
3c2d8207d2ad37609ef4c2a840605ccb,0ce665b830255056c8bd27b3c6468be4,19800,assis,SP
8b70e14114ad1b6f5050481b48c24a24,ad9f17317092cd1f0c69407fe5e2107d,9720,sao bernardo do campo,SP
3828833eaa94989b67eb1cf7e5f84524,e95ee26dc2deadf1d73c8678f82e44d9,39680,capelinha,MG
d9d2cd20127873b3196b6847b7810504,bf9605839bc246e37340382e39491e79,2989,sao paulo,SP
e6f40fd97b2ae5d03f8a2a211fa042b2,3c5ff761d061ce0996eacf738795e760,9751,sao bernardo do campo,SP
8e78c9640fc43f26f1696eeec000db5a,a70d780eddc7d433ea1a48c434607d57,71978,brasilia,DF
f7c89da122bf0065f6157a4c19bfe24e,f03010990971a88c965c821171f93010,80250,curitiba,PR
246295516c97fc54aa274c6fd2222602,7d3d94b4740895a17760e976797f9f0e,73752,planaltina,GO
79549bf1ee85aa08fa9007af4f4a6dde,ca49534fcedb73b42c18dbd99b0a0d22,22753,rio de janeiro,RJ
e8b75845a700bb574b2346b8f489736a,7983fe58c2fbc0c8ef3ebd2afc39a7cd,5051,sao paulo,SP
2a86c1a30d287827d8d6be37e0df9071,4b48b3ba43eca5e212825cbde90b1b76,13450,santa barbara d'oeste,SP
4c36169fa0fb2131640c936269b87ea5,19af6e0c256fc911a7a63c644a38d34c,50810,recife,PE
13cd366fe64b37786a0c7cf845d1711f,5b976dd4f77ac841d7027290494b8dbe,1228,sao paulo,SP
86d870bc6aaa37f7c193f9b2d19b8015,4d72e3ea2d331c774abb707030dd9ce5,50771,recife,PE
3ca581e4a4ee0b48467bb142750e2bfb,28f336041a6dc38b53719353255170e5,36033,juiz de fora,MG
212faae3e5c3646879daad76a9f106b3,72535bb4d0048ab6c69d0364ce0dee54,94500,viamao,RS
ac4e419fca1484d20975bf38ea7b76da,92b435d41607b4a216f626b5fc7be0b1,6328,carapicuiba,SP
10d109b1f1f45bd2bf9afd83543eedd4,ac4316047f392ac02340c4b6160d95a8,2071,sao paulo,SP
d8d953c123168b787dceec29e08d08d3,157cba90d59357f1e82a211874b89e59,41720,salvador,BA
6b5657ba9faebbefbf9a2fd894ef803d,9ab07eee6529c92a7eaef7a17ec0fe11,21625,rio de janeiro,RJ
9cec1fab93e0ea9b843a7c36c5c8316d,9bee831a35b2b7863b12879207ad4e8d,79610,tres lagoas,MS
5681c6fa141b43aaa13277dd0fd30b76,6edb6d37f4e385515f898b31dafe8fde,89270,guaramirim,SC
c32e37aa05c6b07e8b63defaa08a010d,3ea4185126195c34ed9949d8e406d570,30140,belo horizonte,MG
6cad8bda4d24c4f8c23b060739f09d50,d042146c4da00e3add955504c7740785,83323,pinhais,PR
bc4e6f215af91483d54431baacb9506f,934bc5960242b4b13910b02da54a6499,33080,santa luzia,MG
3d5611fadabfffc730fbbffaeb7cecbf,46abf00c97df5cc24545eef3ffbe0463,9130,santo andre,SP
c0ca3b0cd457d58573982009c592f913,0d153268371aa25450d4117ff070277e,29314,cachoeiro de itapemirim,ES
a428b29ed08b54ee2ba2c4f06f1a0172,bdfd71dfee6faa67122cc7cdbc14d9f7,3707,sao paulo,SP
c1ba054116e13a367a09a45be363525c,bacfd927a67bc4cdbd5912606e830e35,38570,guarda-mor,MG
c0ba81c65bd30a9c04cd3650c0dbed36,72ff384d757b9a86b989214e8801b21f,4138,sao paulo,SP
64986afd0f3863810521731e53f92463,44ab76c25210de009b75d6fef6c02335,56250,trindade,PE
b0713d4f88135846159cadd9c821aa7c,a9e070f61d35aa13e420c8597b5ccb3d,31720,belo horizonte,MG
2110656d0356c5d1d3c7f1c7bce0e319,1545f2408959aa8478cb267d8429e642,41830,salvador,BA
50ff7fc5ed9bd9bb79a4313f9924c6e0,5b65c2693d8103d23aa910cd33d68daa,3058,sao paulo,SP
223f5e3208f2fa202a8ff706a4d9b206,fe86d9409d83a3c561ce16e64d2d55e6,17208,jau,SP
b443cbafebdbd5c74e00d344cd9924f3,d522defe17a69684126a50885b063c22,13301,itu,SP
cb3e59ee986f4594de1982df4ae214f7,5fba1267f14b938597891c1cca2aec83,13087,campinas,SP
1b660a15d095dc956092864ab9c6fd59,24a58752f88e0777d7af3b9dc790398b,20510,rio de janeiro,RJ
b704f6bff2b0add361439bc7ff6891b9,87c966979c823236e0d541e7618f12d1,20510,rio de janeiro,RJ
955d4456e83263262d6b8d14526abf92,19d60f65f9b28f44ae44c38a4c8cbd8b,9932,diadema,SP
aea1dc2400dfb8eed8cc28b4f8f84faf,558f30ef40ea639bb2a653de68b87c96,13760,tapiratiba,SP
89fe1107a7a7a8e70a256454d3da5335,cd8b7fb73501d01b71552fa7dd310083,5415,sao paulo,SP
57560400ebc297c88d7157415b945b0b,f910d9ee385410dd7ddee012b67b7b8e,3136,sao paulo,SP
70eb2dbf20da55dcfb3bbe2cb2cf1fe2,6c005d6d2d21634f3eabb0720c780d75,4010,sao paulo,SP
0238124998cd8eddd5b3ea04d4c1e658,4fefe0e53334d2252f3b920db8df4776,9416,ribeirao pires,SP
528c4e8a1b6092d20f796e66dd90c3fd,0bf0a787e29ed10c56beaf780917d28c,5202,sao paulo,SP
d06d4e2d7fba05929a9efc2721bb1d82,08c071b2da5aff918314430dd54b0c60,89253,jaragua do sul,SC
88a9b809cb9f14bee2a9756e44680552,4a7b98c63e40adcaf751c0e495f36218,7600,mairipora,SP
9111c8e96c761096f6fbe14a3a539f5d,aa682fe324897a3a7e73bf2591ffc4ba,13223,varzea paulista,SP
30e4344ec0ec69a326ec3526aa56ef55,9426e18d6a769d72a66f2e6299a03d8b,6900,embu-guacu,SP
20c678bfce3c8252288f70dd2bee5e51,a59129ed35da4c3e3f2a005b4c6582fc,86081,londrina,PR
fbf9c2e3c687f16df64422a9c855b8e2,6059cde3ff567c063cc2af56ca7c47df,21750,rio de janeiro,RJ
ff6b00a007b6c413a1106354f2588a07,6752b6a9eaae810242a2428c7b1a6699,28040,campos dos goytacazes,RJ
eb7da1cd8b8d48a43fdb3d86f34beff4,41bcd3882167cab0e3e3dafb0a292473,91430,porto alegre,RS
71dd5965a7687ffa18fe9976e8ce0e14,ca05f70d31f30539f631103b472ff78d,87900,loanda,PR
835c64056c71ad9d093dc7166f22a8a8,ff2879fe71a6d417933aa4ecc6ea8754,38280,iturama,MG
8c8ebb03344906d2201f54daafd859cf,cb91b5b25e1e383e3b16135d40fef818,95240,ipe,RS
0a89839c1ac53ef740c64b6ac372e550,06c1d5b76a376c34b1e1602f9a000395,89900,sao miguel do oeste,SC
0fd9e022d3e82c6e05d0104ce129466c,8a90c3e2b92d45ef07713a65eaddb41e,4302,sao paulo,SP
5271dbf2466ac47f5a7cf3d845a46d1c,a09cbb7e4a26757aa3df0191bf48b0ae,33861,ribeirao das neves,MG
5d2c31fb208857c95e5fe089f10e0479,5c4ebb8ce7676ef6aaf26df2a48fb102,76908,ji-parana,RO
55a0c3e86baf62169bf4ec368c02193f,33aa7fb9d2429916573aee9c36263647,14095,ribeirao preto,SP
686427538716525c9b1b699caa2bd8f7,5b8a75e77489899ad9e6d57273aafd7f,86960,barbosa ferraz,PR
fa8aaa18814fdd364807cf2de3b57fa5,840739182853bbdd69938b37f6d87c1e,28770,santa maria madalena,RJ
df56491c32230f0ef86a5c35dac4e0e8,c94878ba8984da578f5b2674727fd748,8510,ferraz de vasconcelos,SP
b8625aa8f28a89a33efe989f14d9fe29,deb5d5ca342b4f3c98d0c990f2ff4809,13310,itu,SP
ae8103a85db8c3dfc90a0473e90db207,39d84f98d086e195f0879818e81a6767,89259,jaragua do sul,SC
e787ddf38676914ffe9704e1766096ab,5e0e18fbc2af5e1582f7c30d03df2cfd,98870,girua,RS
0a9b989d01b6dcfb690b128b24ab3221,4a333e04d23005c217ed0c15b132c94f,28880,barra de sao joao,RJ
1cb19e72dbe69d9091b464032caebb40,20998bddec67bba3cc5765fc21ed6f89,28908,cabo frio,RJ
4233f443bac7d7de2c4e6782763fa516,ed7a7ddd472228e549caaa460f9d53ce,44200,santo amaro,BA
30a8b5ade8becba3f5886e3d984dabad,ea20132cbb6fcd3e89d614ca6abfa4e5,26525,nilopolis,RJ
a1537e774ed707f017b177ea47d9aa51,ec46baa78fc17707dcdbcdfda18517e2,31035,belo horizonte,MG
7372fb39ddd5b2bcfb9466a66fa69dd3,6aa828fc903b810472cff927dd42b500,37504,itajuba,MG
3f3aa91e753c454557cb29ee5a852eab,4c2759131ea45bbf124a6fd133ed3114,3138,sao paulo,SP
8cfccb3fb973f58b56ba50e213092e4c,eefe1ea56c1116469d9f0a77b903a188,13311,itu,SP
f651fadf067034d6d5a186390b45289a,1573b77edd530a9750e7245acb45ba67,25581,sao joao de meriti,RJ
4126a6bdaf000170ce607897ce87895a,0a5eae48941f92c6951d1f074e485490,26051,nova iguacu,RJ
c4d041eb7396b376269facd39d1045b8,ee50fb34748fd3029ddfe75350d9f6e2,22795,rio de janeiro,RJ
ec5b2ba62e574342386871631fafd3fc,763c8b1c9c68a0229c42c9fc6f662b93,29102,vila velha,ES
1de5807441f95aea250436dfeded7acf,d065a4dc833c057488f8c8831927c496,76420,niquelandia,GO
ded50ece6ca79604dcec2000bde70ca5,39dd5bab7e7e62b981d41365c04d78ce,66093,belem,PA
af2ad7b99991563a69a5f25d9a6c3e40,87b6a4306bbfd8437e64850e01823828,62030,sobral,CE
d14a98aaff22268ebdcbcd6acb7161be,2af0911d94538ca50b926691a15d98d3,36884,muriae,MG
a26d969df103529ca7d2dc3b8f8a1e5a,c1d17de7f48b64a544769023500456f0,14403,franca,SP
a2591f825643f634e74804d71261369c,2ce0650b500ba0f95e44b3481d435520,22010,rio de janeiro,RJ
