order_id,customer_id,order_status,order_purchase_ts,order_approved_ts,order_carrier_ts,order_delivered_ts,order_estimated_ts
825c221a4e981f278e9c5ec6ead83a3f,933bf00ad9a4f8bfd36bd85e09bd6cba,delivered,2017-06-29 23:08:50,2017-06-29 23:23:28,2017-07-06 14:05:35,2017-07-10 13:48:36,2017-07-19
6699d7eb202a80ad0dd024134fe5ed60,18715b86f15b55cc06dcaef3708656c7,delivered,2018-01-15 00:14:21,2018-01-15 00:29:16,2018-01-15 21:33:17,2018-01-24 20:18:57,2018-02-19
b3e2b81932a8bc32dfffd128937c3c5e,cb633030180d869d7bb76aa783a78b6d,delivered,2017-07-04 23:29:52,2017-07-05 17:36:19,2017-07-07 13:11:21,2017-07-10 19:07:41,2017-07-18
16e38caa92e342c7780f68832f832d4d,d29935fdaf4a76f34653da3def4f2a24,delivered,2018-05-07 01:09:09,2018-05-07 16:52:39,2018-05-07 15:09:00,2018-05-24 00:31:18,2018-06-07
e849e2829de302019ae8bd9924055171,de4c2b462c44197b26b6e596865da44c,delivered,2018-05-16 12:43:12,2018-05-17 03:16:20,2018-05-17 13:55:00,2018-06-06 22:33:07,2018-06-12
3eb08a4c95b522bed075ec059ad858ab,8aac7e3ddd515089585bbab2b7d85aa8,delivered,2018-08-07 22:03:27,2018-08-07 22:15:22,2018-08-09 10:56:00,2018-08-17 11:42:52,2018-09-21
0c91c4102d1858f4ced29970f55e54a0,ae8ed9c83d32613ae9f7e6c72443cdbb,delivered,2017-03-01 10:46:15,2017-03-01 11:01:46,2017-03-03 13:51:39,2017-03-07 07:57:54,2017-03-28
82b1c20e33da405ba22cded4ff91d160,05ad208d1e3ae7d49fc33c89026327d2,delivered,2018-02-12 23:11:00,2018-02-12 23:27:43,2018-02-15 00:32:02,2018-02-17 13:29:45,2018-02-26
ce8502b200546c12a54e51a65f313f34,b494a22912f25bd9fd639019c32607ca,delivered,2017-03-23 14:42:05,2017-03-23 14:55:08,2017-03-28 12:24:06,2017-04-07 16:52:30,2017-04-24
378035ea5017f82d47a885f52fff9be1,a5cc05472dc39567d79da21664133388,delivered,2017-05-05 11:25:20,2017-05-09 09:43:18,2017-05-10 03:42:16,2017-05-17 14:06:02,2017-06-05
c000556923c9e9f96eb1121213f153b0,e630c8a8b546a3a6486ccdca9cc6eb0a,delivered,2017-11-24 14:22:59,2017-11-24 16:33:41,2017-11-27 21:43:07,2017-11-29 21:37:23,2017-12-12
8d994041d6127d2acc8d13aad557e75f,79549bf1ee85aa08fa9007af4f4a6dde,shipped,2017-03-24 21:48:54,2017-03-24 22:02:26,2017-03-25 09:33:55,,2017-04-19
086f617d66181efa193629791e0a9076,bd9f453692541458b7e80c8ec16bc167,delivered,2018-08-10 12:48:28,2018-08-10 13:04:45,2018-08-13 14:24:00,2018-08-21 16:39:05,2018-08-31
699b7692e65138e6874b4c6f42202974,a7bc004b32eb75e7546d6b81d5b8fe44,delivered,2018-03-07 16:59:34,2018-03-08 16:56:24,2018-03-12 16:05:04,2018-03-21 20:20:34,2018-03-23
55bde651a2c412e983a9ace2f3e05c5d,0238124998cd8eddd5b3ea04d4c1e658,delivered,2018-08-12 19:57:00,2018-08-13 19:50:16,2018-08-14 13:21:00,2018-08-15 19:24:40,2018-08-17
546c8958ff67b28473cf140ec32a5a91,a88f6b2e3e51c830e4850876c911fb8d,delivered,2017-11-24 19:47:58,2017-11-24 22:56:18,2017-11-29 11:37:48,2017-12-27 15:00:00,2017-12-20
ac21545a31cc2f10904bcc68254c1d11,ef679ddb34f8f011599d10e88c859117,delivered,2018-03-16 18:06:44,2018-03-20 03:08:29,2018-03-20 22:17:32,2018-04-06 20:02:18,2018-04-25
377627ea55b004e8d55a2af17ba3c0e1,3f0bd16414d5fee5cb1d19769c3c825e,delivered,2018-05-20 13:52:02,2018-05-20 14:18:58,2018-05-21 13:12:00,2018-05-22 14:56:33,2018-05-29
3db52c1df4d52ab19d7e7365d647f6fc,94df3c23c37dc051dbb2f1d03a3693de,delivered,2018-05-25 09:54:34,2018-05-25 10:16:36,2018-05-25 13:20:00,2018-06-04 20:28:32,2018-06-19
73c0786753e32171d5d1bba1e682b4ba,437820aa4853d90478621dffef1aae45,delivered,2017-08-07 21:41:19,2017-08-09 02:55:48,2017-08-09 17:15:40,2017-08-17 15:46:52,2017-09-06
a5d3eeeb605f6e2ce95e590543148234,05e8586e1ca488defddd47b5be9179c3,delivered,2018-05-13 21:46:59,2018-05-13 22:13:44,2018-05-14 13:40:00,2018-05-15 17:31:01,2018-05-25
1527028c6f0d2ca7a42e5337dc2762e5,da40474632f5b5c599e949b0800e7d64,delivered,2018-05-08 20:34:15,2018-05-08 21:11:51,2018-05-15 14:30:00,2018-05-16 19:54:30,2018-05-21
dc078338903735916fab84f036188dcc,59227a9b6b75b6c0612c26336eec0a47,delivered,2018-04-18 04:57:10,2018-04-18 08:34:52,2018-04-23 20:48:28,2018-04-27 13:53:54,2018-05-16
14066026f08d98c3316b5b8637282529,746ed0a7c874bd450e922647085e4d9f,delivered,2017-03-25 18:02:36,2017-03-25 18:15:09,2017-03-28 14:13:21,2017-04-04 16:06:58,2017-04-18
56137cd32ae890d2f8f4c0b770da009f,1a8a24b6904f80d445faf68aaa56ce35,delivered,2018-03-07 16:51:09,2018-03-07 17:40:21,2018-03-08 19:26:38,2018-04-03 16:02:50,2018-03-29
be0d916fb5cf8a5dddcd98ad4905678e,3828833eaa94989b67eb1cf7e5f84524,delivered,2017-11-21 10:16:47,2017-11-23 02:38:30,2017-11-24 21:49:31,2017-12-07 10:05:41,2017-12-07
5551af3c5c287246cc239e923963ef6c,1de5807441f95aea250436dfeded7acf,delivered,2018-06-10 13:43:30,2018-06-12 22:01:47,2018-06-13 14:57:00,2018-06-20 15:08:29,2018-07-16
720e866ff68ce671cb5b7d04eaeac897,6003f6ddce876108eaed4aec0167e894,delivered,2017-11-24 01:44:28,2017-11-24 23:00:59,2017-11-28 18:51:59,2017-12-02 15:11:20,2017-12-26
9be3c9722389548409bf4cb39d07e347,259a69df1ae08bfa31e849741233d520,unavailable,2017-11-17 13:12:46,2017-11-17 13:50:33,,,2017-12-11
a1b442b97cb70e7207abe3f32a01e3d0,127220f5fd65f325977f3c96d2538ea7,delivered,2018-08-01 00:29:18,2018-08-01 00:44:06,2018-08-01 11:06:00,2018-08-03 13:41:00,2018-08-06
20e8735e683506f2f09e1a0e00f8114a,84906f555c4fa2c9333684c4de459bfe,delivered,2018-02-01 17:56:29,2018-02-02 02:55:56,2018-02-08 19:37:39,2018-02-20 18:42:14,2018-03-02
a7ddbf4f5ef6befd9d3569b1c34a9605,21c8877e6b8dde1b62754d08036ffd1d,delivered,2017-02-20 20:20:06,2017-02-20 21:25:15,2017-02-21 09:19:14,2017-03-06 12:38:55,2017-03-29
e389f1491d9b728672f73f3d7be14533,6e4f0d7296e92b7fc6a639314de3badf,delivered,2017-12-27 13:16:37,2017-12-27 13:28:23,2017-12-28 18:09:11,2018-01-08 22:20:36,2018-01-22
e3c291c9bddfedee62c613abb89f859e,7256634bc293062e6fb1ca1d6fb68705,delivered,2017-11-25 16:58:14,2017-11-25 17:13:31,2017-11-28 21:33:19,2017-12-05 11:52:06,2017-12-19
4fe73718f01ee4a8a5edb8f5c72d1994,051eca5824715d378df187a46e1005e5,delivered,2017-08-21 22:49:20,2017-08-21 23:05:30,2017-08-24 22:05:02,2017-09-01 20:52:00,2017-09-25
de28971a284d4d1aef005e7f16b36a52,da16a9b6d9f5be7c2266a76de19516e3,delivered,2018-02-01 14:49:34,2018-02-01 15:10:22,2018-02-02 20:19:08,2018-02-05 20:28:59,2018-02-23
aaa01262ebed3a3f92e3f65995b83fe2,df8ac4f435671909cf15a66d06670f2f,delivered,2018-02-05 20:57:35,2018-02-05 21:10:59,2018-02-06 21:48:59,2018-02-15 15:23:58,2018-03-07
9ff5836df74adba6c5a5cabcfe59bb51,2a86c1a30d287827d8d6be37e0df9071,delivered,2018-07-31 09:39:06,2018-08-01 02:44:21,2018-08-01 13:17:00,2018-08-03 21:08:40,2018-08-07
004157daafa0bc8672e01f00e4f0c04f,42090a79268b92ced0c591a8e63d57c2,delivered,2017-05-21 13:13:54,2017-05-21 13:25:15,2017-05-25 12:05:10,2017-06-02 14:57:49,2017-06-26
f9114a9615fd4c8a09fa0768afb4a8f6,5656c0f19d8894f19e73e8a285136a1c,delivered,2018-02-26 17:51:06,2018-02-28 09:51:12,2018-02-28 19:23:52,2018-03-21 19:07:40,2018-04-02
6a152f5684d235853de99a54ee7e8065,5d40512265ba0d0674b70be65b892a1f,delivered,2018-04-16 20:15:53,2018-04-16 20:51:35,2018-04-18 22:18:34,2018-04-24 22:32:28,2018-05-14
20a2e132c352b08f18529a9478c011c1,a2258343416fd06f65ea824cf277279d,delivered,2017-10-09 16:55:51,2017-10-09 17:09:48,2017-10-11 21:38:43,2017-10-17 21:40:07,2017-10-31
eea6beb3e8f3a7eafaf03ea844ae6021,584ca487fd08f3d048ec266f3842ffcc,delivered,2018-06-13 08:33:38,2018-06-15 02:58:48,2018-06-18 09:23:00,2018-08-09 22:26:47,2018-07-05
a7e689c27f1d23e34aa301cb76b36d3b,36e350b874ae0ff21fa49492008293e1,delivered,2018-04-30 13:43:45,2018-04-30 14:14:27,2018-05-02 14:16:00,2018-05-03 18:32:08,2018-05-15
575d1ab8d021ded6ab9bd7340d7b7b42,f7a1760cb5d8ea758cf8acc50942535e,delivered,2018-08-07 21:18:38,2018-08-07 21:30:47,2018-08-09 15:13:00,2018-08-13 21:08:20,2018-08-14
5d63bb487d989ba0efdbe1ff166bd38b,29e4db23d4fe543537f8335c807563ad,delivered,2017-08-30 18:13:53,2017-08-30 18:30:14,2017-08-31 21:57:43,2017-09-04 12:04:29,2017-09-18
7ed3c93013239ad16de7ae81826a2afc,7285d15435fa94f928c3038f8dc075c9,delivered,2017-06-06 11:18:31,2017-06-08 02:55:22,2017-06-09 08:35:22,2017-06-21 15:41:18,2017-07-04
a7b8a73bcc7bf3850dc9f4907c5ee6f2,956346db615f7adb9ea991c5e4648c55,delivered,2018-06-18 08:14:02,2018-06-19 03:36:38,2018-06-22 16:48:00,2018-06-29 15:12:38,2018-07-17
faa72e2db68f17d71fa5c725cafc53ad,a6a0a62ce165053b536f84be26fd22c7,delivered,2018-04-15 18:34:32,2018-04-16 08:51:12,2018-04-16 18:56:48,2018-04-20 20:28:56,2018-05-16
317c2c773295f70b67e5511ccd55f81c,1a87ac7d56c7f9d337a271a7c157184c,delivered,2017-08-01 00:03:15,2017-08-01 00:43:11,2017-08-03 16:29:43,2017-08-09 16:14:51,2017-08-21
662bf5e7e6b6350fd9e93fb5793f5c98,ad530f0385e180b5b52ffe8cb9658bca,delivered,2017-12-15 19:09:40,2017-12-15 19:16:30,2017-12-18 18:55:00,2018-01-02 09:02:38,2018-01-29
b17838c714aef16bc099010feb2261ba,b544075a6d77dcd06337afdb49927000,delivered,2018-06-14 14:53:37,2018-06-14 15:20:49,2018-06-15 13:00:00,2018-06-19 20:20:59,2018-06-28
1fbebbbba3149f89e410951ca531cae2,5b9e676ba4af242f149ba51d095d4f5d,delivered,2018-04-01 18:13:09,2018-04-03 05:50:26,2018-04-03 21:07:22,2018-04-13 23:06:30,2018-04-23
f52b64a627a310405cfd65e2a23acb23,0c0b4497d7324e5a4e31262c93fbc3c4,delivered,2018-02-12 18:58:50,2018-02-12 19:10:22,2018-02-21 21:55:20,2018-02-28 22:32:47,2018-03-06
d7a1546121d90a9aaae7a851291d2ac6,f778aadf83ae85d8364c56f1daf01234,delivered,2017-11-15 13:36:21,2017-11-15 13:50:36,2017-11-20 11:38:40,2017-11-24 22:28:29,2017-12-06
056a1317ffaefaa2dff2d9ecb54fc7bc,3c3cc3aa98327a4a14d761d165a30f32,delivered,2018-02-22 15:08:29,2018-02-22 16:00:34,2018-02-28 17:22:40,2018-03-08 16:29:41,2018-03-19
309de5faf9baa8961fd068f3f4e44dcd,212faae3e5c3646879daad76a9f106b3,delivered,2018-01-31 00:05:22,2018-01-31 12:31:08,2018-01-31 20:46:45,2018-03-11 19:46:30,2018-03-07
5b7aed674843fc9b20d1c4cef543a761,d53c6b90e37d56179bc7524f9570c4fa,delivered,2018-05-09 17:23:45,2018-05-11 03:50:17,2018-05-11 15:35:00,2018-05-18 20:18:47,2018-05-29
b48959225675859f01913fbd8cb4abe6,88a9b809cb9f14bee2a9756e44680552,delivered,2018-08-13 17:04:57,2018-08-13 17:15:19,2018-08-14 14:23:00,2018-08-15 23:42:27,2018-08-20
540544251975ba4515aebe0ac8525067,09aa1b31dfac63e1e90d5ddf79560f86,delivered,2017-06-19 11:02:33,2017-06-19 11:10:18,2017-06-21 18:43:49,2017-06-30 14:27:57,2017-07-11
2e4d78cc067d04eaaf791ecbfb2bc3ce,5234fd7181ad48cc892aeffb5cca652e,delivered,2018-04-14 09:18:34,2018-04-14 09:31:32,2018-04-16 15:19:27,2018-04-17 23:18:32,2018-04-26
4fab84dd561f10bb9c98293f34d749fa,1c141ff3d234a4ea775feaf7d0024a59,delivered,2018-07-03 12:04:03,2018-07-05 16:32:43,2018-07-05 14:25:00,2018-07-11 15:24:32,2018-07-27
8691ef52aa97f8ba6d500780b5897e04,ce24092edd3791e3991bdabf0c09778f,delivered,2018-05-06 17:07:09,2018-05-07 09:13:53,2018-05-09 16:18:00,2018-05-18 10:22:54,2018-05-30
16bf4bebb63fe2842793fa1e3fbb83d9,55c9db9425ab8c9ee904753ebb3e9718,delivered,2017-09-26 18:38:52,2017-09-28 02:49:30,2017-09-28 19:03:13,2017-10-01 18:32:39,2017-10-13
ea9a48e8b350731ae78378381394a086,8c3d04e424d330c628d1c1f62342915b,delivered,2018-03-14 08:52:55,2018-03-14 09:48:27,2018-03-15 12:16:53,2018-03-16 21:17:50,2018-04-03
8fad1f3654133d30218cd4b6fae827ee,9111c8e96c761096f6fbe14a3a539f5d,delivered,2017-06-18 11:37:07,2017-06-18 11:45:18,2017-06-19 16:42:20,2017-06-22 15:34:10,2017-07-07
ad0e80cb90ad456f01f1533e4cdc1f0d,38a210aed00016125db0e5206d6f300f,delivered,2018-02-07 08:18:53,2018-02-08 14:10:44,2018-02-09 18:58:59,2018-03-01 23:59:05,2018-03-21
c0e1586eda89047d683b2bc7d902037c,0266506e68e7eac1c7f726da057c28a9,delivered,2017-12-12 23:35:51,2017-12-12 23:49:55,2017-12-13 20:03:34,2017-12-18 21:18:56,2017-12-29
edc9fcd5f5ab3aa69901aa991026ee0c,07c457249ec4f7f19f0244025b671ccc,delivered,2017-06-03 11:55:09,2017-06-03 13:05:18,2017-06-05 08:52:20,2017-06-14 15:38:09,2017-06-28
dfa1e5a290276c05629e2d4180ce6aff,1cb19e72dbe69d9091b464032caebb40,delivered,2017-03-13 14:17:40,2017-03-13 14:17:40,2017-03-14 15:05:58,2017-03-17 17:51:45,2017-04-06
fd117d65267f58ad33d914a3cc317543,f7c89da122bf0065f6157a4c19bfe24e,delivered,2018-03-19 15:53:24,2018-03-19 16:13:55,2018-03-20 18:53:39,2018-03-23 16:32:23,2018-04-06
0739104e30e20de6c0956c0889a9b9dc,066a9e746ce5eead40d2afa9bccd3d7d,delivered,2018-08-17 19:00:16,2018-08-17 19:10:44,2018-08-21 06:04:00,2018-08-27 16:02:46,2018-08-31
989829039549b9b62b547646ee72c034,c947bd7320af6ca068c7ef4389693173,delivered,2018-02-17 19:34:10,2018-02-17 19:50:25,2018-02-21 22:05:26,2018-02-22 13:49:08,2018-03-06
08d3b6ee17b7cb32e530f4488c3f6abf,1a954bbd169e7813291d468aff07267d,delivered,2018-07-27 14:32:05,2018-07-27 14:45:08,2018-07-31 14:47:00,2018-08-03 14:06:49,2018-08-10
578e93018456eabf67495ce86d6e6315,bfb4818d76854787283fd72c7b5f84f8,delivered,2017-02-08 21:53:29,2017-02-08 22:05:14,2017-02-10 07:05:18,2017-02-21 08:13:55,2017-03-09
a4b276bd4a9eba543ec90cdf29a67308,9d20953453325b0f8badf470f570f98c,delivered,2017-06-15 08:53:26,2017-06-15 09:05:08,2017-06-23 13:33:00,2017-06-27 13:59:39,2017-07-05
38ac62af1b354671501c9bbfc55bf187,d14a98aaff22268ebdcbcd6acb7161be,delivered,2018-02-02 12:15:33,2018-02-03 02:53:24,2018-02-27 22:51:34,2018-03-06 19:35:44,2018-03-23
49bbb428c234dcf31c4d66d4e8e1c04c,4c36169fa0fb2131640c936269b87ea5,delivered,2018-05-01 13:31:21,2018-05-01 13:50:38,2018-05-02 13:39:00,2018-05-05 16:08:41,2018-05-14
6fd39a1adde54d0a5e6fe5ddc6c8784a,4e364c106217fcf45f21a4db793866bb,delivered,2018-04-01 19:57:10,2018-04-02 21:28:58,2018-04-13 01:51:10,2018-04-19 16:04:20,2018-04-27
39a70e9e9b729b11dee34ac12478597f,20c678bfce3c8252288f70dd2bee5e51,delivered,2017-08-10 21:26:25,2017-08-10 21:44:13,2017-08-11 19:11:16,2017-08-22 16:45:00,2017-09-12
9ac3e0dd6aeb10079e605b2e0f1cd7de,020c87503e1eeb262f17c9e7c0b556b5,delivered,2018-08-12 00:13:50,2018-08-12 00:25:12,2018-08-20 12:31:00,2018-08-24 15:16:37,2018-09-06
5d1aca6ae03324b5398c241b3b402be7,b36aecddfe5ccb0971ba9de40729416e,delivered,2018-06-11 13:34:54,2018-06-11 14:02:11,2018-06-12 15:05:00,2018-06-13 19:59:46,2018-06-20
c0cb48c270009fc128318b2f9eda3bec,246295516c97fc54aa274c6fd2222602,delivered,2018-04-22 17:47:10,2018-04-24 18:34:06,2018-04-23 18:02:33,2018-05-04 18:17:35,2018-05-15
0724cc371750e7fdfe769d2a8bdd5b92,650a73a3bd9b9aa96aa43406dd84fdab,delivered,2018-01-19 15:14:29,2018-01-19 15:36:57,2018-01-22 15:17:59,2018-02-03 13:18:40,2018-02-20
0bfd90889de46373db5089b3bb941135,b2bbf530455f67fe10265197326aab8e,delivered,2018-06-05 20:08:08,2018-06-05 20:32:55,2018-06-06 14:45:00,2018-06-07 18:34:54,2018-06-29
a5849d6f70582d4c5217bac6616a45fa,1373cf3dd7bd65ead85da26b09d4ac41,delivered,2018-08-14 10:03:50,2018-08-15 03:23:59,2018-08-15 08:25:00,2018-08-20 21:56:21,2018-08-31
5c4ddbfa718a93f4b6b964b9e19472df,406c04dcbb14cfc2efdfa97866b1f17d,delivered,2017-04-30 17:50:27,2017-04-30 18:03:06,2017-05-12 09:17:40,2017-05-16 08:29:43,2017-06-06
51c064ec2d79d398b30db3f8e1de8ec8,91da5278c565f5d5d22b3724ec4839fd,delivered,2017-05-04 19:16:04,2017-05-05 02:25:24,2017-05-05 13:30:49,2017-05-10 09:17:54,2017-05-29
1166ac5af4262300b61e079c496223c6,0d8cb40fe23920b0a6078753a31bb617,delivered,2018-08-14 20:44:23,2018-08-14 20:55:23,2018-08-15 12:22:00,2018-08-22 18:32:24,2018-08-31
4759dc5cd30f8e283de04872dd5446cd,8c8ebb03344906d2201f54daafd859cf,delivered,2018-06-01 13:43:43,2018-06-01 13:55:15,2018-06-01 14:42:00,2018-06-20 12:35:24,2018-07-19
07440dff5293ea24c5fac25a473c2eef,5941cab9faecc602df8b6e69150b9d65,delivered,2018-03-29 22:53:27,2018-03-29 23:07:36,2018-04-02 15:52:31,2018-05-15 18:49:01,2018-04-26
71cefe5177d8b6b11dce9fa4060f01cc,795d2de5fab854dd2b68a6c1fbaa1f21,delivered,2017-08-04 14:17:36,2017-08-08 04:10:45,2017-08-08 17:40:20,2017-08-21 22:25:28,2017-08-30
27d6233886151ecc1ed368ce120ec5cf,508477b76a482e31673805fe43e12760,delivered,2018-05-15 22:05:44,2018-05-15 22:33:47,2018-05-16 14:08:00,2018-05-22 22:12:08,2018-06-07
3a73a24fa6a0d8ffd462fb4bb62e66fc,da5bd8e328c797b2d8f4d7199d5e94d5,delivered,2017-12-18 17:24:21,2017-12-18 17:36:30,2017-12-19 18:21:51,2017-12-27 18:58:40,2018-01-12
569d43a54c364df5b367ab33e96eacf0,de67b8bed7fa293d54466d66bdaadc62,unavailable,2017-10-31 08:50:06,2017-10-31 09:06:23,,,2017-11-08
1674cd4deb921f97a794a8401ce9017b,710f531a591d1042892eb71a78499cd5,delivered,2017-12-18 18:30:40,2017-12-18 20:31:27,2017-12-19 19:47:06,2018-01-04 20:13:44,2018-01-18
a8011c5b1b6536063a53c05cabf56bb0,e8b75845a700bb574b2346b8f489736a,delivered,2018-01-20 13:31:12,2018-01-20 13:42:13,2018-01-23 00:19:03,2018-01-24 18:49:05,2018-02-09
e1cbc1e8c3204aaecc891d1392f7b4d7,3b4d546d0e5f84a84c5cd3034c557b72,delivered,2018-01-04 09:22:57,2018-01-04 09:33:23,2018-02-06 19:27:54,2018-02-15 20:25:12,2018-03-14
e06ff711ddcab05c3651a9b1bb003950,bc4e6f215af91483d54431baacb9506f,delivered,2017-03-02 11:53:33,2017-03-02 12:05:49,2017-03-03 14:09:15,2017-03-14 15:47:49,2017-03-23
3785ffb02b0b201a23df7daf357c271d,7cba2705c01b76fa986e0efd815d3b09,delivered,2017-10-03 13:27:13,2017-10-03 13:49:19,2017-10-04 16:41:36,2017-10-07 16:29:03,2017-10-19
cd323a618a599ad1cedaeb75d1d5b8fd,f68bb3a77af642b3618a3a67fa542e47,delivered,2018-02-10 12:33:00,2018-02-10 12:48:04,2018-02-14 21:33:25,2018-02-20 22:08:50,2018-03-08
1c4b283e95602be28c975207016558f1,caa3fad70b77994e203633b13ea16118,delivered,2018-07-31 14:27:06,2018-08-01 03:31:47,2018-08-01 15:56:00,2018-08-07 18:55:31,2018-08-13
19230cac8f45f89fc992b4048422b72e,f859fb23e2e8315da5d17d72d4f372f5,delivered,2018-02-25 17:19:58,2018-02-25 17:30:27,2018-02-26 23:44:18,2018-03-06 18:41:30,2018-03-19
5b74abebfd5bc1d137d7ade71c5cfd36,f4514fc7499d3434ea63195c12bfca4f,delivered,2018-08-24 20:22:30,2018-08-24 20:35:18,2018-08-27 14:47:00,2018-08-28 21:11:45,2018-09-12
ab8d7e03c02e35b89d4eee1dd9ab65ca,263d3314eb124da16668b6968c381690,delivered,2018-01-21 16:42:52,2018-01-22 13:53:47,2018-01-23 19:12:51,2018-02-02 12:19:02,2018-02-16
4233067932385b2d8b301e18e1b75958,7e1c94909b82d667fde37d090d81d101,delivered,2018-07-18 10:14:56,2018-07-18 10:25:16,2018-07-18 14:42:00,2018-07-26 15:51:32,2018-08-08
65a9d3006386a380f4b594577a01cef0,fb611ba8817096ba3bdc1d9807f5cdac,delivered,2018-01-16 21:39:25,2018-01-16 21:51:29,2018-02-01 02:44:55,2018-02-19 12:13:32,2018-03-01
b2e5be9642d390480c19fbc80e533de6,250db83427885000b3aa996cf9dc3a72,delivered,2018-04-16 13:41:24,2018-04-16 14:35:11,2018-04-17 00:03:11,2018-04-30 20:34:36,2018-05-07
3deae78fe543fe7c561f18a237ad309e,fc63101cdeb7148093b5bf42644568d5,delivered,2017-11-23 23:00:11,2017-11-23 23:08:22,2017-11-24 16:25:46,2017-11-25 16:52:24,2017-12-14
7e09cc861487709e81e6c729d2635208,bbe208ab812ec207b4af5580b64e68cd,delivered,2017-12-05 13:33:44,2017-12-05 13:53:37,2017-12-06 00:27:05,2017-12-22 15:07:17,2018-01-08
09138fb3bbda7e400f9aac03c238385c,083e90e0576402957154264852d4b8ca,delivered,2018-03-17 18:33:39,2018-03-18 18:30:29,2018-03-19 20:09:44,2018-04-05 21:44:23,2018-04-12
3d5857f4fdb1061d247dea2544782580,ceec04c1f9846950a467eee17ccdfb85,delivered,2017-10-25 14:58:48,2017-10-25 15:14:19,2017-10-26 16:48:54,2017-10-27 18:26:47,2017-11-07
5cf925b116421afa85ee25e99b4c34fb,29c35fc91fc13fb5073c8f30505d860d,delivered,2017-02-18 16:48:35,,2017-02-22 11:23:10,2017-03-09 07:28:47,2017-03-31
d5d0829757e3f168a603b3c272d96fff,add7aa6095dd2aae6b8d70d022bae3e5,delivered,2018-03-07 19:39:28,2018-03-07 19:55:32,2018-03-08 20:28:34,2018-03-15 22:32:39,2018-03-27
f8b990617b1af31bd9e7a3d70f8dafc5,ad9ad1bbc3ec168f6d7e7e5637788fc3,delivered,2018-07-27 16:31:12,2018-07-27 16:45:20,2018-08-03 14:57:00,2018-08-09 21:04:37,2018-08-23
e62d530c9b5d79b0b222e5a4542d71be,b323dd4451f8a811f505bd4c597bd181,delivered,2018-06-11 15:24:27,2018-06-11 15:39:08,2018-06-12 15:05:00,2018-06-13 19:54:39,2018-06-20
8b3bda465a61f930742d256916d1d7d9,72439ef3181cd62d5b508cb9beb48c4c,delivered,2018-03-18 12:38:29,2018-03-18 12:50:33,2018-03-26 19:29:33,2018-04-02 15:21:22,2018-03-29
55a54184af6cdb5cbd95d124883c2dbb,6633e658356d7a598fe1cd44a46cbf34,delivered,2018-06-27 06:56:08,2018-06-27 11:18:24,2018-06-27 09:57:00,2018-07-05 19:03:34,2018-07-26
b62490833ad4da4f0f696c9358737651,36a52cbef5f4a32aed0c0215995985d4,delivered,2017-10-30 02:03:05,2017-10-31 04:30:15,2017-10-31 16:53:48,2017-11-08 17:54:43,2017-11-29
0eb43791d78d71f1098d5cb2b46e4c7b,bab91c3c25a207c83b5c95392df95163,delivered,2017-03-25 14:57:53,2017-03-25 15:10:16,2017-03-28 09:51:58,2017-04-08 03:46:03,2017-04-13
23fb5e6768dd0cf8df7aaa74d80f8ec6,b54c3706d7d7a59b0f07541d4070dae3,delivered,2017-12-10 23:59:32,2017-12-11 00:10:41,2017-12-20 18:52:07,2017-12-26 22:09:13,2018-01-15
faa01b7a24d0ba51d0d0ec652cd9b745,e6dfd24ec0d6e4e7002fa6dca5bf55a0,delivered,2018-07-10 18:14:47,2018-07-12 03:30:17,2018-07-12 07:30:00,2018-07-25 11:52:20,2018-08-06
008a40c2b8b21893e04945ce58854b55,a11dde3e6e22e6541818f5e81563bfc7,delivered,2018-04-29 20:26:41,2018-04-29 20:54:23,2018-05-03 12:01:00,2018-05-08 17:14:38,2018-05-28
ca786c07fdbcd2a6beb42eab64c23a3e,e60d09530ea34dd2ad7a33d35bf73086,delivered,2018-03-21 17:50:59,2018-03-21 18:09:30,2018-03-23 00:05:41,2018-03-23 17:48:43,2018-04-04
410cfb42b9a36728a695fe883df04ebf,b74584aa39691bb6fdd0f68571d3ba0b,delivered,2018-06-04 20:28:14,2018-06-05 04:15:17,2018-06-11 14:23:00,2018-06-28 20:25:51,2018-08-08
0124e0c5bfae1979838a91e47df53f14,6bf7cea1d53d6e27e5debdb2d5049ff6,delivered,2018-02-08 15:31:37,2018-02-08 16:59:25,2018-02-14 20:04:13,2018-02-15 20:11:58,2018-02-26
f11d659584813daadb19252b9659a670,9974e59c3f6c8186342935125184d014,delivered,2018-03-04 15:26:54,2018-03-04 15:35:32,2018-03-05 19:23:07,2018-03-21 18:48:50,2018-03-26
4f0a2c058df62bfe77f0e0e1e1ca66eb,55a0c3e86baf62169bf4ec368c02193f,delivered,2018-02-17 19:14:12,2018-02-17 19:26:51,2018-02-21 18:49:11,2018-03-05 22:13:11,2018-03-12
fa1885a7cb632c832c660cc710bae77f,911ddd6a22200fb5be95414c01dbab72,delivered,2018-04-08 13:05:22,2018-04-10 04:10:53,2018-04-12 16:41:53,2018-04-19 00:33:08,2018-05-14
8a2d731a57d62d23bbf9556f80343140,3e2c76f875903f5937c2713907124051,delivered,2017-06-06 21:25:22,2017-06-07 02:45:28,2017-06-07 09:48:48,2017-06-22 17:52:07,2017-06-27
4cb0286c9f5805ddd172e00cef67ecc3,e3d025dfd872e46859d611e7a73f6c2d,delivered,2018-06-17 20:18:47,2018-06-17 20:33:54,2018-06-18 15:10:00,2018-06-20 19:08:22,2018-06-29
63dd1232853b91debb2470c70da85dca,4c3741130dccdca5d4fce3bb2822c9d7,delivered,2017-08-17 19:09:51,2017-08-17 19:55:21,2017-08-18 14:45:37,2017-08-25 17:35:30,2017-09-11
d8d8abd9a4aa1b36575678bdf5e9d23e,aadf2752fbf607535468b271f7f7d094,delivered,2017-03-12 22:47:16,2017-03-12 22:47:16,2017-03-16 05:37:56,2017-03-31 09:46:05,2017-04-06
73287734c7b95e805d54a35d062627f2,d8d953c123168b787dceec29e08d08d3,delivered,2018-02-27 12:05:41,2018-03-01 02:35:26,2018-03-02 00:12:43,2018-03-21 21:47:29,2018-03-27
832c61671b530bdc7d56880581bc2146,bc01d798f24a959b19dc8168975bf7ec,delivered,2017-09-12 17:00:49,2017-09-12 17:15:18,2017-09-14 21:50:33,2017-09-18 10:52:00,2017-09-28
44259226d73d340f929777553ecf199b,10101c15aec095b6078c8dd047739392,delivered,2018-03-30 13:36:43,2018-03-30 14:27:02,2018-04-02 19:21:05,2018-04-17 23:18:36,2018-04-25
278ffae8d541775ba53338a54ee391a3,74a975276d0c266162d2ee51a6fccea9,delivered,2017-10-03 14:29:58,2017-10-03 14:49:17,2017-10-04 19:59:41,2017-10-30 20:34:47,2017-11-07
14e3b02a42f36ad7bdcdc8a0df427be3,178e6ac2e067591cde169461107ac469,delivered,2018-03-10 17:26:33,2018-03-10 18:08:26,2018-03-13 15:56:26,2018-04-04 16:22:41,2018-04-03
c8d07bf0161cd0a2aacc163c238f397e,e312f3c85be577c566c09d776b380735,delivered,2017-07-10 19:37:07,2017-07-10 19:50:17,2017-07-11 16:57:41,2017-07-13 19:32:20,2017-07-28
083ade26303c53b4aa1c779b67d44485,9388bb1d7e8b53211cff72e787efb6e7,delivered,2018-06-07 20:38:06,2018-06-07 21:35:59,2018-06-11 11:27:00,2018-06-15 15:38:44,2018-07-23
cd3e9759dc483946db2133168746fddf,8ebee0cc741eb27e8501e4b4e3c6422d,delivered,2017-06-28 10:49:33,2017-06-28 11:05:15,2017-06-29 17:01:55,2017-07-07 23:36:56,2017-08-01
84d1f58195cae334b50f9088b38b3495,544e77a62037110df48c7f23d0a320e7,delivered,2017-04-26 08:45:44,2017-05-01 22:33:38,2017-05-04 15:14:39,2017-05-11 13:33:01,2017-05-17
4abd25ff34f0b324cadc39a6529b05c8,48fd5f9b1d184c27ecb32729042a3200,delivered,2018-03-30 21:23:47,2018-03-30 21:35:16,2018-04-03 00:34:36,2018-04-12 19:58:30,2018-04-24
4148591d51d8741aef65abefd186887b,86d870bc6aaa37f7c193f9b2d19b8015,delivered,2018-04-20 17:09:14,2018-04-24 18:57:29,2018-04-23 21:48:43,2018-05-08 16:48:46,2018-05-22
9dabd200c58f609f380ecd1e44898086,1bb2273c4c26af24561221cfc4fbd7f1,delivered,2018-06-12 20:50:18,2018-06-12 21:24:02,2018-06-15 13:48:00,2018-06-27 17:11:52,2018-07-19
636f0241ddc83a3b9e37a8088167bd45,0d14d28bc941474750feb2e030e54460,delivered,2017-10-22 00:31:28,2017-10-22 18:33:27,2017-10-23 12:48:04,2017-11-03 17:27:44,2017-11-09
3772bd82db6b988f9a7008bdb3a4b729,d00682c2eaf70db1869809d2fbaf7aba,delivered,2017-08-30 14:01:17,2017-09-01 06:24:30,2017-09-01 18:17:49,2017-09-06 17:52:25,2017-09-22
166a835dcb0ffdb5d917db2a93358502,3274aedc859b9aa7d7e5db28cfb7768d,delivered,2017-07-11 23:14:57,2017-07-11 23:25:18,2017-07-13 19:09:52,2017-07-31 11:34:32,2017-08-04
21c9855588b3946347dcaa1f159edcd8,499311489d89baa6ed8f9f9f1f3758b8,delivered,2018-06-02 12:40:09,2018-06-02 12:51:57,2018-06-05 15:01:00,2018-06-06 22:12:47,2018-06-28
b0200f320613faea21c999a90efa28ab,cb3e59ee986f4594de1982df4ae214f7,delivered,2018-02-10 17:58:16,2018-02-10 18:48:12,2018-02-19 21:42:18,2018-02-20 22:33:02,2018-02-26
99330d45c3ba6f45ad5745f6de036c5f,223f5e3208f2fa202a8ff706a4d9b206,delivered,2017-10-17 10:16:16,2017-10-17 10:28:18,2017-10-17 21:05:56,2017-10-20 22:05:20,2017-11-07
ba8ebbd4a50913dea058ff7695922d95,3f3aa91e753c454557cb29ee5a852eab,delivered,2018-05-19 18:06:11,2018-05-19 18:32:42,2018-05-21 14:57:00,2018-06-04 22:12:27,2018-06-07
cd49c5c6f772ac87200f116a7a5499e5,c68f1a0b156eeb49b2b3168e4ab55681,delivered,2017-03-08 01:59:31,2017-03-09 02:51:06,2017-03-09 13:31:27,2017-03-14 10:34:44,2017-03-29
7645406942825a748f5db38c177b0a5e,ab0703a77ae050888f246bbe42ae20d4,delivered,2018-01-07 08:07:19,2018-01-10 10:32:44,2018-01-13 03:52:31,2018-01-27 09:32:32,2018-02-02
84dae977d83c491ec866b683875db2bf,9204dae4645baa76dc0b22ec604207fe,delivered,2017-08-18 15:10:21,2017-08-18 15:35:11,2017-08-22 10:33:42,2017-08-25 12:26:22,2017-09-21
d2f6b89578aee72f553aad3c76098e63,941b415ac43a2e974940f5a1bbfe03bb,delivered,2018-04-19 14:03:29,2018-04-19 14:15:24,2018-04-20 18:48:23,2018-05-04 16:22:58,2018-05-23
2b022b533c7e96c66a5d9e2539065bea,1b660a15d095dc956092864ab9c6fd59,delivered,2017-12-28 17:18:40,2017-12-28 17:29:43,2018-01-02 16:49:23,2018-01-13 12:54:40,2018-02-02
299a5bd1c2d7b32f5108fe0e84661e5d,01870df5434a15efdf52f02d895d3931,delivered,2017-12-25 20:22:00,2017-12-25 20:48:02,2017-12-26 22:42:43,2018-01-03 18:10:10,2018-02-05
e956fad47f301a19144afead1786de9d,1d1304f7c4219c811517a8efa5985b39,delivered,2017-11-12 16:50:50,2017-11-12 17:06:59,2017-11-13 19:09:04,2017-11-28 17:22:33,2017-12-06
b34f86c59a76bef28aa32825ab4370f6,6078c8dc51c6fd4e5b6eedc57b35c1bb,delivered,2018-05-13 21:55:45,2018-05-13 22:13:37,2018-05-14 15:29:00,2018-05-15 17:39:00,2018-05-24
24bbec3490c63fb110f13f2c47a5b559,92b93355d2f02a8f871ea3b01fea701b,delivered,2018-03-02 10:29:33,2018-03-06 03:49:04,2018-03-07 20:17:50,2018-03-09 22:32:15,2018-03-14
17e5131fe1d4b1a8dc14d4a66914f9d7,0b8520e0d24d4e14482e01e73e5740c0,delivered,2017-10-12 17:35:47,2017-10-12 17:55:17,2017-10-13 20:36:56,2017-10-19 21:58:59,2017-10-31
bd84b661eb4bfa46487d94324e56dfec,fa37c71b257f8a67ce2e7018b3aeac32,delivered,2017-11-24 19:56:15,2017-11-24 22:59:55,2017-11-28 11:46:10,2017-12-06 14:32:29,2017-12-21
5d4e56918ccde2aa7e18e48d3042fc6d,c9bb3eded2d82109dd047788d425e3d9,delivered,2017-08-14 21:48:47,2017-08-14 22:50:14,2017-08-16 20:49:51,2017-08-22 16:00:37,2017-09-01
50a790149ec089ab00a4630204396f0f,f93bb6c70a7306d18a24f77f1889916d,delivered,2017-07-23 20:44:17,2017-07-23 20:55:18,2017-07-24 16:57:55,2017-08-02 17:15:06,2017-08-17
d674f43f35a8b46f907663eeabefb819,8fdcba1fbdd38ada559e315d16ecda00,delivered,2018-03-28 14:52:06,2018-03-28 15:08:53,2018-03-29 20:58:49,2018-04-09 16:27:35,2018-04-10
04e45523ce26353e6ba6a713afd77b82,1621186550be18f3174537f01be9a088,delivered,2018-02-27 14:09:55,2018-02-27 14:29:06,2018-03-02 02:14:10,2018-03-20 22:03:34,2018-03-19
c279543d72807dc9b91e39e5d87b5493,f615b9fba62078d016eced173b68b46a,delivered,2017-02-25 18:06:22,2017-02-25 18:21:58,2017-03-10 13:51:29,2017-03-14 14:05:03,2017-03-24
00fc308dd7f0937682698becaa9dcc45,f40f31f8bfcc5f74d9d246354b90af09,delivered,2018-08-20 19:51:32,2018-08-20 20:10:12,2018-08-22 14:26:00,2018-08-28 01:52:03,2018-09-06
6bb214f60f0b2331b730f74f70dc322f,4109c63be22f97950143c4acbfa68e4d,delivered,2017-04-24 21:21:45,2017-04-24 21:30:18,2017-05-05 15:31:28,2017-05-15 15:39:53,2017-05-24
09fd9b0402ed675bbd1ee1e81171ac7c,06d529bccb0825265d8b5b73c66e53d8,delivered,2018-08-18 21:36:49,2018-08-18 23:31:32,2018-08-20 13:47:00,2018-08-29 20:17:39,2018-09-21
c8426a2c3cc5c11e8aa0789c3238d4d9,6b05139c22666edaab8363c643187ed1,delivered,2017-10-16 23:26:54,2017-10-16 23:49:08,2017-10-17 22:35:05,2017-10-24 17:33:30,2017-11-01
710bc497ddb33d94263a302f17416924,b22eeea84d8a63d56ee0ebb6ec8e0ae0,delivered,2018-01-30 09:47:48,2018-02-01 02:56:26,2018-02-06 16:32:30,2018-02-14 18:52:42,2018-03-01
0c5c8063a673f3c44b6499053e534ccb,3b0841e521dffa992a8ef9e4e00b2c9e,delivered,2018-01-08 20:04:06,2018-01-08 20:12:30,2018-01-10 19:28:08,2018-01-17 18:59:02,2018-02-06
2939b6d48c2488e276205bc547c56aac,6efbee10da96b631dcd2c0f3dcfccbd1,delivered,2018-01-04 17:32:20,2018-01-05 02:38:00,2018-01-09 17:35:49,2018-01-11 22:43:31,2018-01-22
7f922477f06db4ab69f6f173f439088e,ef019b3cc077faf03d999168daaf8d07,delivered,2018-06-06 21:47:57,2018-06-06 22:12:17,2018-06-07 15:01:00,2018-06-15 19:41:33,2018-07-03
0965b209e76b9ac20f7dc673c735ade3,62beebea8629d73ab3ca95c23ed239ae,delivered,2018-02-08 09:30:54,2018-02-09 02:55:51,2018-02-09 22:17:22,2018-03-07 20:35:18,2018-03-07
4cddfa3db1f20697139ba4a46c4fd399,24cddae2e51926ae7ac40c628a8338ca,delivered,2017-07-22 19:06:31,2017-07-22 19:15:09,2017-07-26 18:46:35,2017-08-17 13:42:42,2017-08-21
b4dc09cbd4cc735632779c738cda842b,6f25b294d48cc71893594ae8ace3056e,delivered,2017-03-20 14:10:45,2017-03-20 14:10:45,2017-03-22 10:42:18,2017-03-28 14:22:42,2017-04-06
717b5830932c155c67ba3232934a93c5,acec81168c11c0d01d9d5955a3d507ab,delivered,2018-07-23 12:50:09,2018-07-23 15:31:47,2018-07-24 14:51:00,2018-07-28 00:08:21,2018-08-14
8628cf35f313fe2e46a2168f21860031,e9fbe7886163acf808479322d2b87ccb,delivered,2017-11-18 19:49:54,2017-11-18 20:06:49,2017-11-22 13:38:29,2017-12-02 00:46:49,2017-12-11
fe8568b0167c1e87d6f1dab1033c9278,97396993d63e820df7610ffaa26f14fd,delivered,2018-03-30 10:14:34,2018-03-30 10:55:09,2018-04-02 19:08:18,2018-04-10 22:31:52,2018-04-18
80000ae9d118d79953522e35cce34f13,67372e0bce729cebb559886b6c4d9e2e,delivered,2017-02-27 11:33:35,2017-02-27 11:45:10,2017-03-01 11:03:51,2017-03-08 08:51:57,2017-03-20
e9977cc6d0f97447ef0f4fcc2e082fc8,9434d806ad79343f0380e4c9d87453bb,delivered,2017-02-07 10:26:05,2017-02-07 10:43:31,2017-02-15 14:21:10,2017-02-21 14:47:32,2017-03-06
def90fc6c7d21d34a14af3d6e4d866b6,c8830d8a8312a8b3b74370c4e61202ec,delivered,2018-04-14 13:09:25,2018-04-14 13:31:37,2018-04-17 15:11:40,2018-04-18 15:18:31,2018-05-02
19dc396137b147d804b74b9e5bbb9875,ff6b00a007b6c413a1106354f2588a07,delivered,2017-06-25 15:26:19,2017-06-27 03:43:24,2017-06-30 12:04:13,2017-07-11 16:03:31,2017-07-18
60218eecf87eaeb58657769f328f2726,98a0dc59ecc82225fd647c39cbdf1494,delivered,2017-09-03 12:01:13,2017-09-03 12:15:15,2017-09-05 12:17:17,2017-09-11 19:34:03,2017-09-28
40ebc9d21ae5f5d7dfd398f87e63f455,54c424fd34699c65ea6d0c12a80e4a72,delivered,2018-03-12 16:57:52,2018-03-12 17:10:50,2018-03-13 22:04:05,2018-03-17 00:18:43,2018-03-22
f5a1d7fb9cd502618f942b1295676f1b,c1ba054116e13a367a09a45be363525c,delivered,2018-01-13 12:13:44,2018-01-13 12:29:16,2018-01-15 23:51:48,2018-01-22 20:28:42,2018-02-15
4ce0d39282d4d45834a51b1ca7fbb311,33b83055b03f489566ebb99c68d45cee,delivered,2018-02-01 09:11:43,2018-02-01 09:31:15,2018-02-06 00:48:33,2018-02-21 21:55:15,2018-02-23
b8fba4dc6ff421731ed01f46c701084a,16292a565a0a28cb79837f9e0aee1ffa,delivered,2018-01-09 12:23:45,2018-01-11 03:08:40,2018-01-15 16:17:00,2018-01-22 21:51:17,2018-02-02
6b751a27edaaa33537b2e893d7fd18ce,894337b29433786ec770ef5bf5475cba,delivered,2018-02-02 18:02:51,2018-02-02 18:31:15,2018-02-07 20:33:23,2018-02-20 18:41:50,2018-03-07
67b50899f52995848c427e361e10dde3,1b353c00c71689afba44554e43cc5a76,delivered,2018-06-16 21:24:10,2018-06-16 21:36:59,2018-06-21 13:55:00,2018-06-27 13:17:27,2018-07-16
366446679f4ddbffb2d8934f1abef1f8,eb9e4ffb14ee9484e33031726c7ec185,delivered,2018-04-22 22:38:49,2018-04-24 18:25:34,2018-04-23 20:08:28,2018-04-30 18:52:22,2018-05-17
8b50d4c9560cac1625c6fd9f536fc780,7372fb39ddd5b2bcfb9466a66fa69dd3,delivered,2018-04-24 21:34:35,2018-04-25 21:30:24,2018-04-26 07:17:00,2018-05-03 17:12:37,2018-05-22
a7b984cb7dba04216ef3408f9fdc724f,abda0fc72e1f8c32dd8291c542e273c5,delivered,2018-02-16 21:27:05,2018-02-16 21:35:26,2018-02-21 23:35:38,2018-02-27 00:10:13,2018-03-12
b1d045cd447d2961b72e0d67c18f5d94,aed3f1f445a4ea906938e139249662a9,delivered,2017-06-06 21:49:13,2017-06-06 21:55:14,2017-06-07 09:48:50,2017-06-26 14:22:43,2017-06-27
53b48de8c162b1a00ace27c3c0a9b148,6cad8bda4d24c4f8c23b060739f09d50,delivered,2018-07-23 16:15:49,2018-07-23 17:20:33,2018-07-24 13:37:00,2018-07-30 18:16:31,2018-08-08
c6c96aae858cf470816e5080de363e47,3ea720b336a4ee1c2a5fa2b77cec0d48,delivered,2018-07-17 19:48:27,2018-07-17 20:10:18,2018-07-19 11:16:00,2018-07-23 22:37:43,2018-08-02
5b649740381032adc79831802d8d221a,9f953bb4452203555445d713827f1465,delivered,2017-11-04 11:11:51,2017-11-07 07:30:51,2017-11-08 15:46:59,2017-11-13 16:52:04,2017-11-30
45881387721786e660460cd8bfcb2010,bd7ca23c050b88950225b16f05d65e35,delivered,2018-04-16 20:41:12,2018-04-17 14:11:40,2018-04-18 12:38:50,2018-05-10 14:06:43,2018-05-15
f6806cb575dffe2dd24873502bc0b413,f9f0c70f7f91d4bebab7ed1cb0206489,delivered,2018-06-29 13:50:02,2018-06-29 14:10:45,2018-06-29 15:34:00,2018-07-05 19:46:36,2018-08-07
bd34db34f886a82d2f7e9214b6fd01e0,5c2bab9a09604f016d9ccd13242db649,delivered,2018-01-10 19:34:34,2018-01-10 20:08:16,2018-01-11 20:23:13,2018-01-23 19:52:54,2018-02-14
fd22bd0610424ec9e62c1d98288b51e9,067715fac053f8972e3887e3784e38f4,delivered,2017-03-19 13:08:49,2017-03-19 13:08:49,2017-03-22 06:44:34,2017-03-24 10:18:13,2017-04-11
fa2de0086db43d394d58f69a111f8f69,254a99b66d18dc590fb0b5e226382afb,delivered,2018-06-05 21:32:16,2018-06-05 21:53:06,2018-06-06 14:17:00,2018-06-12 18:32:35,2018-07-16
904d1d3bf21a8c56e931f8ac05d284c6,417ba684f004a0a409878bbfe65cdf3b,delivered,2018-07-15 07:18:51,2018-07-17 07:31:30,2018-07-17 12:07:00,2018-07-24 16:04:10,2018-07-31
0a15572811e0bc23e2963de1cdf344f0,a0a88da4a6858c8d7cc650bbd21949e8,delivered,2018-04-19 10:59:31,2018-04-19 11:36:50,2018-04-19 21:36:40,2018-05-04 20:04:01,2018-05-23
f23a4132d42810c7f591d372282ae3eb,57690c2fc610a75de4875a2b9f1826e6,delivered,2018-07-18 16:47:00,2018-07-18 17:02:23,2018-07-20 08:46:00,2018-07-23 21:08:34,2018-08-06
0c11df2b80d95b1eabdcdf3790bb3347,498262061f04103f440f2e643da02027,delivered,2018-03-10 17:32:15,2018-03-10 17:45:25,2018-03-12 22:28:49,2018-03-24 14:12:39,2018-04-02
8f7075f9808a783f9794cf5f7e1860d5,ed3b435e402f52f7895ef9d01d8e2e2b,delivered,2018-02-13 16:57:36,2018-02-13 17:10:20,2018-02-14 23:55:06,2018-02-21 18:59:09,2018-03-07
882c447d8edd3d32db6a03ff2fc74f8f,406c0e75c679a46577815134afa52837,delivered,2018-05-03 14:13:48,2018-05-03 14:32:33,2018-05-03 14:40:00,2018-05-16 21:42:16,2018-05-25
43b29d0de4927fa24f56341687c9e06e,acaf6410aabbc2e292355a66dd2b38cf,delivered,2017-04-21 18:10:10,2017-04-21 18:21:46,2017-04-24 10:42:00,2017-05-15 13:44:36,2017-05-25
08202fbf5047a2f85a0983ac291a69fb,de9ebceca7f056c08928dfa4bb245205,delivered,2017-04-05 08:38:19,2017-04-05 08:50:09,2017-04-05 14:48:01,2017-04-11 10:03:50,2017-05-15
7e4d4a50dc999bcf59d2e055db0f4b37,3ea256d0100550636253563da3e913bc,delivered,2018-01-08 01:30:12,2018-01-08 01:39:20,2018-01-08 22:37:51,2018-01-19 20:49:02,2018-02-07
a820e4b8830258a148d161ba6d8bf419,ae8103a85db8c3dfc90a0473e90db207,delivered,2017-06-13 14:51:21,2017-06-13 15:10:22,2017-06-14 15:33:11,2017-06-22 16:22:55,2017-07-06
480295bd3b66aeb4f624e16dc17a7412,64986afd0f3863810521731e53f92463,delivered,2018-05-16 23:48:43,2018-05-17 08:36:26,2018-05-17 13:55:00,2018-06-07 13:52:37,2018-06-13
d32fbb7b9c7d393b293c80e66091ee4b,66538c9da66571088de88815faa7ee9a,delivered,2017-09-10 15:33:23,2017-09-10 15:45:19,2017-09-11 12:08:37,2017-09-15 17:11:32,2017-09-28
8f2b0c41d21837f8c6d4682867c66ffb,af2ad7b99991563a69a5f25d9a6c3e40,delivered,2017-06-09 06:04:20,2017-06-10 03:03:43,2017-06-13 13:21:49,2017-06-27 11:14:46,2017-07-14
42769a5163a34297f4458dbccf206b36,fa8aaa18814fdd364807cf2de3b57fa5,delivered,2017-08-24 16:44:37,2017-08-24 16:55:19,2017-08-29 19:27:46,2017-09-06 12:41:18,2017-09-20
20cae0a28869a4321d8fe372731f80e0,c3537eef72f2b883b3cbc75b1b9480b5,delivered,2018-01-15 23:42:12,2018-01-15 23:53:31,2018-01-16 19:34:51,2018-01-26 17:25:11,2018-01-30
f2228e3e55ff956909ad7750f08516fd,fb60e1236b474808fc33b9d2bf26d323,delivered,2018-04-01 11:17:22,2018-04-01 11:30:17,2018-04-04 00:47:20,2018-04-11 18:52:20,2018-04-25
3431dbb0c64629bd76dc81b736c46e4d,e899e0c8c1ff8d71c53bcf89ce519cfd,delivered,2018-03-18 23:40:36,2018-03-18 23:50:32,2018-03-20 02:39:28,2018-03-22 23:44:32,2018-04-05
3b1c5a036e0412d8c9dda3d6df67782a,0dd70915d5f46c4cf8afce382e0b5b86,delivered,2017-02-23 15:32:21,2017-02-23 21:55:18,2017-03-13 12:09:11,2017-03-18 11:07:36,2017-04-06
1e2b94b476c8738fbc5aed69524f2da4,15377ad18854e02069af4900c8e4039f,delivered,2017-08-07 13:02:20,2017-08-07 13:15:20,2017-08-10 17:07:46,2017-08-24 21:33:36,2017-08-31
a3a0cfe6661449e2d725b5b1ff658d84,2e57ca0d2c4b939fd528fe677acca228,delivered,2018-07-10 11:52:24,2018-07-10 12:05:32,2018-07-11 08:40:00,2018-07-20 19:55:33,2018-08-01
2282f08c7a3e5bc3e7b84bb444d6e1e6,9024b6b926dff086c50dfd85762b9a45,delivered,2018-04-11 11:41:21,2018-04-11 11:50:28,2018-04-11 22:18:28,2018-04-26 19:42:49,2018-05-18
5dc6b1dfab4fc8303ea318faec36a73e,d78589eeacbfd204322ded214caadbe0,delivered,2018-02-15 20:03:19,2018-02-15 20:15:27,2018-02-16 23:43:40,2018-03-14 21:03:40,2018-03-16
5620e57611d71ee82bf1b40183f57bdf,9b079dd2ab921fbefaa935054ed0e183,delivered,2018-02-14 10:53:15,2018-02-14 12:00:28,2018-02-27 15:33:21,2018-02-28 16:37:27,2018-03-14
4d34da0824213ee7962a5c5ed32b3f51,a428b29ed08b54ee2ba2c4f06f1a0172,delivered,2018-02-10 17:01:48,2018-02-10 18:00:23,2018-02-14 18:46:38,2018-02-19 10:33:05,2018-02-26
baaaa6a46bf8f53d113193a6a23efbd4,ff56a290f17f6ce95604d2e7c1bd3ab3,delivered,2017-12-09 11:50:39,2017-12-09 12:32:25,2017-12-11 18:24:21,2017-12-26 16:09:19,2018-01-10
a45087c16cf11897252052baabb332c0,44c788d8ffa07a4963c9b8bd8017d151,delivered,2017-09-02 21:36:53,2017-09-02 21:50:24,2017-09-06 16:47:35,2017-09-11 19:45:46,2017-09-22
ce96e1f727877ff03577e45707a78265,0a89839c1ac53ef740c64b6ac372e550,delivered,2018-04-13 10:15:50,2018-04-13 10:32:33,2018-04-16 17:54:55,2018-04-23 16:31:59,2018-05-15
2e1b96bb2d8b0ca7e4a6c3d0c15d68a3,7aa6b791c1e47633122b949ed9d51b83,delivered,2018-07-01 16:31:48,2018-07-01 16:49:50,2018-07-04 14:24:00,2018-07-13 13:28:28,2018-08-06
d9d3adfb459cf80f45139992eb4283e5,6b250e93a9fe0049b1ed533c40c09dc5,delivered,2018-04-06 19:26:19,2018-04-06 19:49:13,2018-04-11 20:52:33,2018-04-18 03:03:56,2018-05-07
8ed712c31224f9fd94ce2e6887b46f89,e37ee50aa10bb9a706c36e25989dfcd0,delivered,2018-03-20 19:57:30,2018-03-20 20:48:14,2018-03-22 21:39:54,2018-03-29 22:48:42,2018-04-23
bd65649afc908d9afe43db0bcd7c1de5,4126a6bdaf000170ce607897ce87895a,delivered,2018-04-06 22:51:37,2018-04-07 11:10:20,2018-04-09 21:51:11,2018-04-17 21:08:56,2018-04-30
e1976adafc8511c7b5736536b09605c1,6827d3b99adbf682f10a79d50e8e878f,delivered,2018-02-27 20:15:14,2018-02-27 21:15:35,2018-03-07 00:07:48,2018-03-09 19:52:02,2018-03-19
f5017de8931860a4492e26d3f22405b6,7b22f433873cb52f8be5468a64acbdcc,delivered,2018-01-16 18:16:35,2018-01-18 02:12:53,2018-01-19 16:58:49,2018-01-26 18:44:08,2018-02-06
be0cc702e034bfbeba1a8a006eb9dce5,3c88487f2410489139ebe9a219e728fe,delivered,2017-12-12 12:58:25,2017-12-12 13:10:59,2017-12-13 16:14:00,2017-12-14 22:07:11,2017-12-29
bbfaea06953d72e48fcf89341d352638,b0713d4f88135846159cadd9c821aa7c,delivered,2018-01-20 20:57:47,2018-01-22 14:26:06,2018-01-25 23:42:16,2018-03-07 20:57:01,2018-02-15
3d34e2eec4245acada65a41a949f2568,f760b1ac2bd99fbc9141d64509cacc13,delivered,2018-06-08 20:45:36,2018-06-08 21:15:17,2018-06-12 14:58:00,2018-06-19 22:03:22,2018-07-03
2cdcc5a4a3365e4e73abd4d0774f8636,457aa2d8f32998f155e8d037e5833c89,delivered,2018-06-15 14:48:35,2018-06-15 15:03:59,2018-06-18 06:48:00,2018-06-22 17:58:35,2018-07-05
0a020ef040e4b3065551bb31e0aca1cd,d06d4e2d7fba05929a9efc2721bb1d82,delivered,2017-08-30 13:24:53,2017-08-31 13:30:13,2017-09-01 19:04:20,2017-09-06 20:42:30,2017-09-22
b3224f0819fcb5e1c0f91961c4100aa7,b2822eda717522788ab9dde55140fd8b,delivered,2017-04-07 20:21:25,2017-04-08 02:10:20,2017-04-10 12:24:03,2017-04-13 15:08:03,2017-05-08
1391644298485796a935f0422f8989e8,4999ed198018f2b49b17e3d27aad9253,delivered,2017-12-07 06:28:35,2017-12-07 06:50:59,2017-12-07 16:33:09,2017-12-12 20:34:18,2018-01-10
f713f69364d66b2020e04ec8892d1285,72a03d436c15b5093f8d9022b8fea8e6,delivered,2017-06-02 16:34:22,2017-06-02 16:45:25,2017-06-14 09:58:07,2017-06-16 14:53:04,2017-07-05
8188245de83e27d91f5454e5ce159b89,cf442293068fe81b9f4f4dddb9ce3f6d,delivered,2017-11-04 12:02:04,2017-11-05 12:10:34,2017-11-07 18:29:13,2017-11-14 19:45:54,2017-12-06
705172254d979af1ed7ec13222ed5532,1604b4e7e39484634a197748796f7fcf,delivered,2017-10-04 00:05:29,2017-10-04 16:25:47,2017-10-05 21:37:45,2017-10-27 17:49:51,2017-10-30
44628cfcb3b5de94aed835b088caf99a,ea4f873be6925958ebed930e5f18f72d,delivered,2018-01-20 05:50:00,2018-01-20 09:15:08,2018-01-22 17:41:56,2018-02-05 21:46:22,2018-02-19
8e350d5e83f49b662f870b48cf3f5b29,cc1269b1ae384f3a4534a4433ebdc619,delivered,2017-05-21 15:18:54,2017-05-23 03:45:12,2017-05-24 08:40:00,2017-06-02 08:23:51,2017-06-16
f9ea302261bc5927d8f4a13cb60bdb9d,71f4e2eea08ac9a0e2ad53b2930a6d47,delivered,2018-02-26 20:32:26,2018-02-28 10:11:00,2018-02-28 20:09:45,2018-03-01 22:15:40,2018-03-13
bb95881900c6eeb4252919993f7a6660,5ae24f31b56e4671fd61703aa7e9e9d0,delivered,2017-09-28 22:52:48,2017-09-28 23:07:14,2017-09-29 16:07:41,2017-10-09 16:44:20,2017-10-25
0f93c58739ea2f69d93afa96a7a07855,0171707ab8e7ded84018d1172aa33c51,delivered,2017-11-21 11:44:48,2017-11-22 14:34:28,2017-11-23 21:19:09,2017-12-07 21:10:00,2017-12-12
6d9ccb29372292701006df0d44b858c3,b03af535806e398922311291ae3e1f0f,delivered,2017-11-16 18:07:08,2017-11-18 02:28:42,2017-11-22 21:24:30,2017-11-29 17:53:18,2017-12-11
47906fd263e2a0253d9db8a730f02abe,6ec2b4682814cfdac8d92bad42b3ddab,delivered,2018-06-21 14:34:17,2018-06-22 02:58:22,2018-06-22 13:02:00,2018-06-27 14:08:52,2018-07-17
a4de5b1662f4c05fc162558437fa96ae,511e3f71328a16d7462ef399c655103f,delivered,2018-02-18 21:39:15,2018-02-18 22:46:43,2018-02-19 20:06:59,2018-02-20 20:42:27,2018-03-05
7cc93b2925f1d8b88fbcd410b02bc5b5,b10420d1fe67d729669d0f2562333884,delivered,2018-05-17 15:47:41,2018-05-18 02:36:22,2018-05-18 10:48:00,2018-05-21 17:48:42,2018-06-01
fcc13f1fc01aacaf59da3b5bbc2e1b9e,1286872c3c0be0909184f3a1056a7471,delivered,2018-05-10 12:11:39,2018-05-10 12:31:45,2018-05-11 15:03:00,2018-05-16 16:12:09,2018-06-06
5bca61e411c4fcce08327a8efc371911,ffaded93e5a1fce06363cfb6905676a1,canceled,2018-06-13 20:52:10,2018-06-13 21:20:38,,,2018-07-11
b6f243cc1d05e11375858c88a032ac32,b833a0f7fdd8acded6c8759924e62100,delivered,2018-02-26 23:06:10,2018-02-26 23:15:40,2018-02-28 16:47:43,2018-03-05 18:19:05,2018-03-16
df2c3731dcfbe2f0861182b341c71c82,87bc0b31db47421f9c67a12145740887,delivered,2018-05-02 18:38:11,2018-05-02 19:15:46,2018-05-03 13:35:00,2018-05-09 23:48:44,2018-06-04
61f82b319ee0352b3b8525dfa467e0f2,04aef4b2c2bd9d55991e8f36df779b01,delivered,2017-10-16 15:05:49,2017-10-17 03:49:23,2017-10-20 15:51:53,2017-11-10 13:37:44,2017-11-14
a54a12a470f9a5a89f1a1f19607959ca,a8f78dc3ca07ecfceb3908935971ea3d,delivered,2018-06-21 18:34:21,2018-06-26 07:12:59,2018-06-26 15:38:00,2018-06-29 23:42:34,2018-07-19
7a96df1193e585420f7ca71abd28a34d,456f56a8c8737f0f4590964e32c944e4,delivered,2018-03-16 21:14:56,2018-03-16 21:30:33,2018-03-22 21:09:34,2018-04-02 12:58:28,2018-04-04
b83d3a21b98b819697f37668a420a43e,ac4e419fca1484d20975bf38ea7b76da,delivered,2018-05-09 08:16:08,2018-05-10 02:57:23,2018-05-11 14:28:00,2018-05-16 18:52:41,2018-05-29
ebcefe69d0a823b45706b43bde0e0d77,e5a7f1cd5e6d13ce42e327920e0e065d,delivered,2017-06-07 20:28:13,2017-06-07 20:35:16,2017-06-09 09:27:57,2017-06-19 21:22:14,2017-07-17
4d0754534d379735eb655a0d2d1edc01,c938988c02e9d1e1a3f96efbd23258aa,delivered,2017-06-23 21:00:20,2017-06-23 21:15:16,2017-06-28 18:05:17,2017-06-29 13:19:31,2017-07-06
79f6acecdfe4f7768f5f399a6be52167,109e66e45ee2cc88bf20be70b381c924,delivered,2017-10-22 17:45:38,2017-10-22 17:56:29,2017-10-24 22:36:59,2017-10-31 13:49:07,2017-11-16
d2eb9999568d1bba9d671c53926039cc,403c7562d9692e5a762a79faf64b6e00,delivered,2018-07-18 22:38:08,2018-07-18 22:50:12,2018-07-19 12:51:00,2018-07-23 21:43:45,2018-08-01
6bddfd31724ffefa23146e21bd173ef4,a1537e774ed707f017b177ea47d9aa51,delivered,2017-11-30 23:08:38,2017-12-01 10:31:17,2017-12-05 01:41:45,2017-12-13 21:55:12,2017-12-27
8345e1e2a321e4b374a65fe12d8b30d3,955d4456e83263262d6b8d14526abf92,delivered,2018-03-08 16:06:18,2018-03-09 02:30:31,2018-03-09 15:38:20,2018-03-15 16:07:41,2018-03-20
62de3bac0c9f33a23cf2c5c42bff7442,1a1d1a51a2cf246d524b3ea40a53d080,delivered,2017-11-24 22:39:15,2017-11-25 06:29:54,2017-11-29 11:52:52,2017-12-08 20:37:27,2017-12-22
315da0cfbc485bb00c12a581077cf7b2,1ff98f738e6baa6c7d6c262757e82720,invoiced,2017-01-26 22:52:01,2017-01-28 10:32:01,,,2017-03-10
db2557d3b3417e5746ab989f2e143860,57560400ebc297c88d7157415b945b0b,delivered,2018-03-28 11:11:51,2018-03-29 03:29:07,2018-03-29 23:14:20,2018-04-02 22:45:45,2018-04-10
e2a0f7c30f5e78d97892b4140fdc0979,13d5c0d8f58b98b7b5fce3cefa1becfc,delivered,2018-08-03 11:27:04,2018-08-03 11:44:11,2018-08-03 17:29:00,2018-08-21 16:52:14,2018-08-28
86efd7c29e904b20b31e862644db7ece,8cd60b7cabe05795e02382b0a522e2a9,delivered,2018-05-14 08:51:21,2018-05-14 09:14:01,2018-05-15 10:22:00,2018-05-23 12:36:25,2018-05-29
cd8c0278431ec8464a07eda4eab01441,8e78c9640fc43f26f1696eeec000db5a,delivered,2017-02-19 20:46:31,2017-02-21 04:42:32,2017-02-24 07:27:02,2017-03-07 09:57:52,2017-04-06
1e48c52ecdb582b211ad22ae74ad2247,c32e37aa05c6b07e8b63defaa08a010d,delivered,2017-08-29 19:04:14,2017-08-29 19:15:15,2017-08-30 13:41:35,2017-09-04 22:07:59,2017-09-20
b22b9811c2074480cc93f9e8b8e4c8b5,3d5611fadabfffc730fbbffaeb7cecbf,delivered,2018-06-03 13:21:09,2018-06-03 13:35:12,2018-06-04 15:14:00,2018-06-09 19:41:41,2018-07-27
8c28df1eae513694a941565b1a0a5de8,bac7cc91caa4078e7a3e7e5547531c1d,delivered,2017-08-26 08:46:15,2017-08-26 09:04:16,2017-08-30 10:37:52,2017-09-04 18:32:52,2017-09-14
c261c57774808b333866f1957d4f8ebd,a5deab37103ca8c97bc8b9adb7de4c9b,delivered,2018-02-21 22:57:17,2018-02-21 23:10:24,2018-02-22 18:52:17,2018-03-02 12:41:46,2018-03-08
182763e56c47912c77bfd4e730c0fd15,3fdd4a93bb80c78e818830946d34cae1,delivered,2017-06-16 02:32:44,2017-06-20 10:15:27,2017-06-23 12:25:48,2017-06-26 14:17:57,2017-06-29
bf247f0c5b4e3a8993f0e0e1f0d4ff87,31a50cd525a1d809fbc5b380d8ba037d,delivered,2018-01-18 13:08:18,2018-01-19 02:38:02,2018-01-31 23:49:08,2018-02-05 16:08:53,2018-02-02
80aa9c31556571f08988f12dc07476e1,ad4316eb148e96ac9e3e8ca82cd92717,delivered,2018-07-11 11:35:15,2018-07-12 04:10:14,2018-07-18 12:50:00,2018-07-25 21:57:05,2018-08-09
394d17c2b71a726e205caaeee3d2aa3d,10d109b1f1f45bd2bf9afd83543eedd4,delivered,2018-08-03 14:56:26,2018-08-08 23:31:22,2018-08-06 11:51:00,2018-08-07 19:28:25,2018-08-08
2e914af8bdaefffc2e6ea38a39a64d4a,d9a1e98c40e9f2718780ab89fd85a1e9,delivered,2017-09-08 21:42:26,2017-09-09 03:34:08,2017-09-11 22:07:48,2017-09-15 22:07:21,2017-09-20
b97811f6db9883c21f70f10be990b22b,d68f1a91d75b0f64bbba94060bc54bdb,delivered,2017-06-19 16:56:09,2017-06-19 17:05:12,2017-06-22 15:59:35,2017-06-29 14:05:41,2017-07-13
868c2bcb3623c43e2c25a0ebedbc3f12,2168d2d4dd69ec09a3693345212e5c05,delivered,2018-01-23 09:56:10,2018-01-23 10:20:12,2018-01-24 22:03:58,2018-01-31 23:35:51,2018-02-19
dbd09ba24edf3ae2e7ae63685ff34195,c09970e56f5d00bc2f622b118574113c,delivered,2018-03-16 15:14:40,2018-03-17 02:50:44,2018-03-19 22:24:26,2018-04-03 21:22:40,2018-04-12
a0f8cdef3a3387782a94be2247a45238,7f43eca0e0fbe513128a735c72985870,delivered,2018-07-02 05:11:53,2018-07-02 05:29:52,2018-07-03 11:58:00,2018-07-09 21:51:36,2018-08-01
cdc8b4ad3c6deb7fc303fb91abe7bc0f,9cec1fab93e0ea9b843a7c36c5c8316d,delivered,2018-02-15 12:54:37,2018-02-15 13:10:27,2018-02-16 21:17:59,2018-03-13 23:28:28,2018-03-12
8718a4ef6a9e45012bb3e595f0b5286c,56cb51bbf3ef8092a28e4d90f3f00030,delivered,2018-07-19 11:16:41,2018-07-19 11:30:20,2018-07-20 12:42:00,2018-07-23 14:38:47,2018-07-27
c05b9a60de6b80604843d2f4d40c8a67,559c7dc3c6e74dde85904855ba4160dd,delivered,2018-02-23 13:48:02,2018-02-23 14:09:52,2018-02-27 13:19:52,2018-03-19 18:06:22,2018-03-20
e8dea63f68386b3d95962ffb4dc4aaea,ded50ece6ca79604dcec2000bde70ca5,delivered,2017-10-17 19:26:08,2017-10-17 19:45:53,2017-10-20 17:03:32,2017-10-25 17:13:33,2017-11-29
6e15cbf7d3e8a1099a5be2702e863ef1,6b5657ba9faebbefbf9a2fd894ef803d,delivered,2017-12-27 21:32:39,2017-12-27 21:46:48,2018-01-04 20:32:16,2018-01-12 13:38:53,2018-01-29
d16cf2288861412bc266621085b73055,b82c4220110dc5c1c3d7f067aa9bd065,delivered,2017-06-13 20:02:01,2017-06-13 20:15:54,2017-06-14 18:49:45,2017-06-26 14:45:49,2017-07-12
5ec91483e95a827de47b9b592f44d893,3b56ff9de63e4c2fa73c05d315e51720,delivered,2018-03-29 15:57:41,2018-03-29 16:10:08,2018-04-03 21:05:28,2018-04-12 16:13:12,2018-04-20
3e7bc2221b2c46fafa06f741386784fc,f651fadf067034d6d5a186390b45289a,delivered,2017-07-12 22:10:05,2017-07-12 22:25:14,2017-07-18 16:57:53,2017-07-24 19:27:37,2017-08-03
08804ff605210017ad305e46cbd4e3c8,2dd2e0daa048c8e7bdf18c2fca50725a,delivered,2018-08-06 12:26:08,2018-08-06 12:44:19,2018-08-06 17:57:00,2018-08-11 14:59:40,2018-08-13
1dbff949801376b8795a093d31cfe205,0cbd2df3d6e9d8b1eaf5cfefc44886bc,delivered,2018-05-16 14:50:54,2018-05-16 15:18:42,2018-05-18 12:10:00,2018-05-21 17:14:08,2018-05-28
4579adc6cf97f147f82693e0b25e3cec,c24079076289d150dc154ff63aa67b0d,delivered,2018-04-27 09:33:26,2018-04-27 09:50:17,2018-04-27 14:28:00,2018-05-26 05:56:29,2018-05-25
692f4207d359fbf24d641b1470721130,eb7da1cd8b8d48a43fdb3d86f34beff4,delivered,2018-06-04 12:10:06,2018-06-04 12:31:17,2018-06-04 11:04:00,2018-06-21 21:56:34,2018-07-17
7b4cc813e327ec14c78f547a763f46b8,725ba0268900143556050bd3513a3369,delivered,2018-03-08 15:59:45,2018-03-08 16:31:38,2018-03-15 19:46:25,2018-03-29 23:23:20,2018-03-29
92f4f749aa508d58dee50d9ccdb6c9dd,5daf8a84ec87f4988b337626369c4dba,delivered,2018-07-15 07:33:32,2018-07-15 07:45:08,2018-07-16 14:55:00,2018-07-24 21:36:46,2018-08-06
f2120851611e040d268c3be41ac51228,4428f44a71d4ed03fdaa62d4ed852f12,delivered,2017-09-14 19:23:28,2017-09-14 19:44:16,2017-09-15 17:18:59,2017-09-18 18:08:10,2017-09-26
72520be5b5b4c32b2ada295436e4472e,76e17b3467f6f930eaa9a1ce94ecf27a,delivered,2018-05-16 14:14:03,2018-05-16 16:31:25,2018-05-21 12:25:00,2018-05-25 00:44:24,2018-06-01
36e2a95392e7e15e80e0937066007a56,0e7a526b73f0342ab3cd037f4b4a2249,delivered,2018-03-16 16:33:19,2018-03-16 16:50:33,2018-03-19 22:57:44,2018-04-10 14:28:32,2018-04-12
9458f512472606de1d13e5e0956e72cd,456357e2997d47334ff9607ecdf438e4,delivered,2018-05-15 09:20:25,2018-05-15 10:15:39,2018-05-15 11:04:00,2018-05-18 20:13:50,2018-06-18
d66deb9ded8ffbd8ef4850522ad8fec6,8979bc6d19e57fce199b1fe679182ab5,delivered,2017-06-30 09:28:58,2017-07-01 04:43:23,2017-07-04 11:37:52,2017-07-17 21:16:06,2017-07-27
8109255ed5f9ea90f254fa8c5d80bde0,de04f6bff05aff27511713e16692b29c,delivered,2018-03-26 13:02:31,2018-03-26 13:16:11,2018-03-28 18:08:59,2018-04-06 23:12:49,2018-05-14
562f919143bd6544eaad5f3f17ba3da2,71dd5965a7687ffa18fe9976e8ce0e14,delivered,2018-04-12 11:29:56,2018-04-13 02:15:22,2018-04-13 23:32:59,2018-04-26 21:29:37,2018-05-14
557feacb7d186d0cacec3e801d38fc8f,46b876ce0c7611ab7ae7c2b39e154f6f,delivered,2018-01-08 13:00:00,2018-01-09 07:21:32,2018-01-09 21:24:02,2018-01-11 13:03:10,2018-01-31
b83f87939464fd2df0c244550e184e5a,4c13421bd28e889484201164059e6df7,delivered,2017-06-27 11:58:13,2017-06-28 02:25:24,2017-06-28 13:39:43,2017-07-03 18:04:03,2017-07-17
c8ccac7f59cb2c602959eb4586aa9b15,dbd46952d895ea4b8aecd9bafd411def,shipped,2017-12-18 16:19:00,2017-12-20 07:18:30,2017-12-21 00:14:58,,2018-01-12
fd1dfb6b7188b47e56f2ab4063d08e58,0235c7c04d758c26265c6cbcd5f7c369,delivered,2017-05-17 18:52:13,2017-05-17 19:05:11,2017-05-18 08:35:44,2017-05-19 11:43:49,2017-05-30
a9c74f167b0d8af61d6487fc21934f7e,c913ae1bc977b139a50287f6bd0b1c19,delivered,2018-07-10 12:40:12,2018-07-11 03:45:47,2018-07-13 14:12:00,2018-07-23 21:42:09,2018-07-31
4cea4082bde3d6f0846e8a5537f3eeb4,8b70e14114ad1b6f5050481b48c24a24,delivered,2017-12-10 16:03:23,2017-12-10 16:13:19,2017-12-11 21:18:12,2017-12-13 16:47:05,2017-12-28
a61bafa3b59313a79ecd7be1ca2a2477,5d2c31fb208857c95e5fe089f10e0479,delivered,2018-03-22 22:57:32,2018-03-22 23:10:26,2018-03-23 21:22:06,2018-04-05 16:39:08,2018-04-27
99dde9a4d6ee5c602380551b002ddad7,5229e43884ffd6794e9397bd346ab7dd,delivered,2017-09-04 12:57:02,2017-09-04 13:10:12,2017-09-06 19:05:06,2017-09-13 20:53:43,2017-09-22
8d47ca771c5f1f48f545ecf4a7c85f82,fc056cb6f79dbf7ab1e6ea6ef66f7837,delivered,2017-08-08 21:12:42,2017-08-08 21:25:20,2017-08-11 18:32:28,2017-08-22 20:06:54,2017-09-01
f05ef3ecdb7796d93e204c0a7ab76759,98fb13b264449f06da6834b86e0693a8,delivered,2018-05-30 20:36:20,2018-05-30 20:55:41,2018-06-01 13:51:00,2018-06-06 19:39:03,2018-07-12
ad9259e8a14df6ee75201925f28d4a8f,08a761b27ad72e5fa65e351ca23bb2f5,delivered,2017-08-29 15:02:12,2017-08-31 04:32:07,2017-09-01 18:53:25,2017-09-05 20:45:47,2017-09-18
407fe646704ea7828e324c8ef7e7e616,8514e0aeceab9ef5bc9c2e86392cd6e6,delivered,2018-07-23 15:44:35,2018-07-25 02:55:20,2018-07-25 12:28:00,2018-07-31 17:58:44,2018-08-10
c1bb3ffb1aeb6afbe42101499bd15708,5331ac2d2ed2def738a9c200cf8ebacb,delivered,2017-11-28 21:31:13,2017-11-30 02:20:22,2017-12-01 20:49:50,2017-12-06 19:12:54,2017-12-18
9822680d395506e5602b3c1ea555aa61,b7972dea0691475465acaef017a83fce,delivered,2018-04-24 22:59:44,2018-04-24 23:15:08,2018-04-25 13:47:00,2018-04-30 22:27:47,2018-05-21
33c1911ef3652a03c6cb098b9399b1d3,70f95a47532d0a1ffd3b15302f61a1bf,delivered,2018-07-03 15:14:01,2018-07-05 16:32:54,2018-07-04 12:14:00,2018-07-09 20:26:43,2018-07-27
1389d3b1fab26d87e40c382d11a8ac3c,e4a1289920c7a33574e0433abd5b90d7,delivered,2018-08-14 22:49:18,2018-08-14 23:05:50,2018-08-17 13:18:00,2018-08-27 19:51:59,2018-09-06
b18478bbf9b2283e3d12452f69fd9ce2,79af00341a7edf65ba773dee228d5008,delivered,2018-05-11 20:12:19,2018-05-11 20:30:29,2018-05-17 14:39:00,2018-05-23 16:50:45,2018-05-30
e6bed0846d5d268bf1ebcf66eab19a42,2110656d0356c5d1d3c7f1c7bce0e319,delivered,2018-03-13 22:21:03,2018-03-13 22:30:39,2018-03-14 20:15:50,2018-04-19 17:57:33,2018-04-05
e68a0761535bd432bb847f4ae7b7b4c0,d9d2cd20127873b3196b6847b7810504,shipped,2017-11-22 17:11:13,2017-11-22 17:30:25,2017-11-25 01:22:12,,2017-12-08
e631d7417c16066c831e8f2599673235,477b96a7bebf346f0b61baea85b4e2b9,delivered,2018-01-19 14:38:13,2018-01-19 14:57:21,2018-01-23 13:16:52,2018-01-25 15:48:57,2018-02-05
e750c043ac98c8eb957cb52789f126b0,13cd366fe64b37786a0c7cf845d1711f,delivered,2017-02-15 16:18:40,2017-02-15 16:25:23,2017-02-17 15:52:55,2017-02-23 08:44:48,2017-03-14
736e1922ae60d0d6a89247b851902527,ec5b2ba62e574342386871631fafd3fc,delivered,2018-07-15 14:49:44,2018-07-17 04:31:36,2018-07-20 13:09:00,2018-07-26 22:03:06,2018-08-02
cd24256f456d55df11e3049017c86d05,846a4b8f5a1ef6bb498fdea341f425a3,delivered,2017-11-14 17:27:48,2017-11-14 17:35:47,2017-11-17 19:14:46,2017-11-23 18:49:02,2017-12-07
5e8c4235c5941812c1831d835ae020fd,e787ddf38676914ffe9704e1766096ab,delivered,2018-04-07 20:39:43,2018-04-07 20:55:30,2018-04-11 18:21:35,2018-04-23 15:42:04,2018-05-02
908c02868bb2a9b847e64b23139137e5,76f71522a4d0db001ac6caf99763656f,delivered,2018-06-17 09:42:02,2018-06-18 21:35:43,2018-06-19 14:35:00,2018-06-26 17:08:21,2018-07-13
0589d8b975f21fea2ad626ea99527911,77dc1be4c4766a308f7c7516b732a825,delivered,2018-02-27 16:36:42,2018-02-28 16:35:43,2018-03-01 18:47:44,2018-03-07 22:44:26,2018-03-28
56430e0b9968b381942760e433583b27,25fc5fcd13751095236ea257c9cfb62a,delivered,2017-03-02 07:28:36,2017-03-02 07:35:17,2017-03-03 13:25:40,2017-03-08 17:53:42,2017-03-23
37c8cbbb816470ceb8a3026653cf3d3c,0c6ddd0fc46185e7fd0bb6d767bf4d36,delivered,2018-03-01 15:25:54,2018-03-02 02:10:01,2018-03-02 21:56:43,2018-04-04 00:29:49,2018-03-26
d7ebfa9a59497087b6f2383f00689fcf,6da7fdc344021e769a846085968f48f0,delivered,2017-10-29 22:45:35,2017-10-29 23:05:48,2017-10-31 23:44:50,2017-11-14 18:42:27,2017-11-23
a245546c993a6f40b013cf1935965656,6957b3f555a2d12a5695c6108789df75,delivered,2017-03-16 19:42:36,2017-03-16 19:42:36,2017-03-17 10:41:47,2017-03-31 12:39:44,2017-04-10
955edcef18570af09e702de925422860,9c7d82f5c79d496c6427f47690852dee,delivered,2017-05-28 17:17:23,2017-05-28 17:30:19,2017-05-31 09:38:56,2017-06-01 13:17:31,2017-06-09
5014c656e42bfdde371e00923238763f,5271dbf2466ac47f5a7cf3d845a46d1c,delivered,2017-04-26 09:39:23,2017-04-26 09:50:19,2017-04-28 12:29:37,2017-05-10 14:59:49,2017-05-17
ba4b69317916ce7f91187e885404b6a5,b501129c66ed61e8d5cb8e2b67e29e4d,delivered,2017-11-19 13:43:19,2017-11-19 13:55:32,2017-11-24 17:58:53,2017-12-15 17:11:04,2017-12-14
515ad53b1bdf1d9da25e0c1079a1b242,47f2b4375b6c1aee9a4f95cbe493e064,delivered,2018-05-17 00:18:46,2018-05-17 00:34:12,2018-05-21 14:29:00,2018-06-06 22:08:32,2018-06-13
8e2cbf2f771a9e3db9a33a324d3a2b0c,c956a929bf20e4511644a58aa4df6f88,delivered,2018-02-15 19:23:46,2018-02-15 20:00:24,2018-02-22 20:53:47,2018-02-23 15:28:16,2018-03-02
906d4efc060eee725d73e93dc6de8eee,d759e1e92ecf8c1cbd551592f00019b5,delivered,2017-11-02 15:21:02,2017-11-02 15:36:10,2017-11-06 21:32:21,2017-11-13 17:38:59,2017-11-17
329aacec1c0231ed21bb1e2f8f4dc1e0,5c72e2429dfcfb0e1ac946ff1c05a0a9,delivered,2017-02-22 21:56:02,2017-02-22 22:10:06,2017-02-23 13:59:16,2017-03-02 14:25:52,2017-03-29
465c942a1c3029a759415e862204114f,b58a1676e51dec9ee146aa8f8a101137,delivered,2018-05-07 21:57:29,2018-05-08 07:09:49,2018-05-08 14:08:00,2018-05-09 21:22:41,2018-05-15
1d9f8648651f574a2e2e5d8728384f7d,65e8eb92d79163578ff601cd27408edb,delivered,2017-07-08 15:16:57,2017-07-08 15:30:13,2017-07-11 12:36:20,2017-07-27 17:15:57,2017-08-03
3c0683f600fc10b269b333bbfba07813,fff89c8ed4fcf69a823c1d149e429a0b,delivered,2017-12-16 12:53:03,2017-12-16 13:11:08,2017-12-18 18:08:07,2018-01-03 15:14:44,2018-01-16
b4c45d4cc2a2e24e10d4e20bae928819,5feeb43744a61e50a53346dc3169225e,delivered,2018-03-03 21:40:09,2018-03-06 03:49:33,2018-03-06 20:27:46,2018-03-16 17:51:45,2018-04-05
52a547866cd2082c600fb72eced19331,0bf644fc54b89e3ba5b32c2b9e618de6,delivered,2018-05-16 15:02:31,2018-05-16 15:19:36,2018-05-16 14:29:00,2018-05-21 16:53:46,2018-06-05
9eaec2635ebf99416ead21c62ef53f67,216b824e1aa1817c80b40f8f2f8b246c,delivered,2017-12-13 17:14:37,2017-12-13 17:31:27,2017-12-15 21:42:19,2018-01-03 20:29:09,2018-01-15
9e711ba681b09da30750ac0fe7a0cc3b,0a9b989d01b6dcfb690b128b24ab3221,delivered,2017-09-29 22:53:38,2017-10-02 15:35:21,2017-10-03 22:42:51,2017-10-09 19:08:17,2017-11-07
5468ed226abcf74527e93b11988e4a3e,30abcca05e3c8ce1278a2d8f8abbdfc9,delivered,2017-03-17 14:40:20,2017-03-17 14:40:20,2017-03-24 12:26:35,2017-03-29 08:28:53,2017-04-07
77e4da3755c479aac3d6f7f2a5e94516,6995decf2663f921e8dfb49b3e7b5b9c,delivered,2018-02-13 14:36:43,2018-02-13 15:07:58,2018-02-19 23:42:39,2018-03-09 16:58:30,2018-03-23
4ed4a6e12e74982dd78c78df1ed3f372,f211d9a5df865e35ec0010fdb6122f85,delivered,2017-07-29 01:28:37,2017-07-29 01:35:19,2017-08-01 19:37:24,2017-08-10 21:39:38,2017-08-25
d9e85a628a68f162d46b273ae52d0119,a2591f825643f634e74804d71261369c,delivered,2017-09-13 07:57:20,2017-09-14 02:55:20,2017-09-14 19:13:40,2017-09-21 15:32:28,2017-09-29
6c682aa3032d2639e12a64b3c2a907b7,deaa5dd4f21cf2d8741e476989fe7d5d,delivered,2018-02-12 11:51:43,2018-02-12 12:05:31,2018-02-14 23:34:30,2018-02-16 23:41:59,2018-03-08
8b761bca5ade41b47694b0225c668b75,60759d1a0d02d7e2d74834df707b597a,delivered,2017-08-03 16:51:19,2017-08-03 17:23:43,2017-08-04 18:52:08,2017-08-14 20:05:54,2017-08-23
2bec039adcca39ad3a2d76a949e6c99d,dd06035a7c124081d791d46dea94f128,delivered,2018-07-26 13:03:46,2018-07-27 13:04:27,2018-07-27 11:55:00,2018-08-03 15:18:37,2018-08-16
943dc313319b98a46f1aa70d59b68715,c0ca3b0cd457d58573982009c592f913,delivered,2018-06-29 11:50:43,2018-06-29 12:10:03,2018-07-02 14:11:00,2018-07-06 17:51:00,2018-07-27
ad20d0dfe5b91c07df72dff0206aacd9,50ff7fc5ed9bd9bb79a4313f9924c6e0,delivered,2017-10-31 22:19:42,2017-11-02 02:27:03,2017-11-07 14:53:06,2017-11-10 16:56:33,2017-11-28
22df89b611e2a03b4957043cf949e51f,3703dabac361c6249a0d8d21564fb925,delivered,2018-08-22 09:17:07,2018-08-22 09:30:20,2018-08-22 15:44:00,2018-08-27 07:42:37,2018-08-27
b5eb3252f8e5ded7044d176ed49e2ecb,86d7e0b2821894373d67a03352affdcb,delivered,2018-05-28 17:23:08,2018-05-28 17:35:10,2018-06-18 11:59:00,2018-06-22 17:59:29,2018-08-03
fea5a631859ef3c5c4a7ee9ff36096a8,cf6c82a042005e750e4b3d9c67c4ff03,delivered,2017-10-22 23:54:36,2017-10-23 00:14:18,2017-10-23 23:03:00,2017-11-04 17:34:39,2017-11-14
24df3585323f6a191abb565d1706daf2,f37e018586ddc359d2f1ad32f64ff8aa,delivered,2018-08-14 23:23:38,2018-08-14 23:35:15,2018-08-20 11:10:00,2018-08-28 21:32:16,2018-08-30
af85e6e8c9f67f653b51429df7839001,b704f6bff2b0add361439bc7ff6891b9,delivered,2018-03-06 14:22:46,2018-03-06 14:35:46,2018-03-12 18:47:34,2018-04-18 00:54:22,2018-04-06
93d8685fec4218f06bf202723dc1da52,3c71dc159116331b7643d296a921f725,invoiced,2017-02-21 21:17:48,2017-02-22 03:22:38,,,2017-03-22
2e233dded5d8af5e2baa5c1fca89a6c6,7f6cc609946a187554550e1a9192a46f,delivered,2017-12-06 14:37:35,2017-12-06 14:52:16,2017-12-20 18:59:29,2017-12-21 23:38:53,2018-01-04
e6bcb00ca5426e9d00b50f8eeee367c7,2fac2e14733a2deb5e7b5973ff95b115,delivered,2017-06-18 22:02:41,2017-06-18 22:15:29,2017-06-29 16:47:24,2017-07-04 15:50:21,2017-07-14
f29282bc8841ae8bcb88e357e9a32c57,6fe3e86aaffe0c52d238e4f89950ac1e,delivered,2017-12-02 15:11:46,2017-12-02 15:38:07,2017-12-04 18:30:11,2017-12-20 21:09:46,2018-01-04
5d9fde36e9b14f9c646577bb073b1486,ffed5d4f6245fe13cd57054621eec36a,delivered,2018-02-21 17:27:58,2018-02-22 02:10:26,2018-02-27 17:05:12,2018-02-28 22:25:06,2018-03-07
cdab66293e2e4ea2b956d8016c5ad97d,6d03d9c7d95db6de5b59aa4d7218ec07,delivered,2017-12-13 09:01:12,2017-12-13 09:12:24,2017-12-15 22:04:12,2017-12-22 17:14:36,2018-01-08
f0b2da40b961baf662d31db42b3964e3,06f3fd76e17823db11f5af33cc79ddfe,delivered,2018-01-17 22:58:43,2018-01-17 23:10:34,2018-01-18 16:26:36,2018-02-05 16:59:15,2018-02-19
a95f8f8384a13be626e06154468a9200,aea320a768b6bf82d76979c16260e2a9,delivered,2018-02-12 08:20:56,2018-02-12 10:00:27,2018-02-16 01:55:04,2018-02-27 20:22:47,2018-03-07
8bca89b4311c48e6e6a22acd5cebd242,ecbefacde17c98967b427a3a1f98880e,delivered,2017-03-27 18:45:23,2017-03-27 18:55:14,2017-03-28 13:12:52,2017-04-05 13:34:01,2017-04-20
ca35a20423cabbc81c577f3ffe72169d,1e223899442e479b03b6e0056d14b25d,delivered,2017-10-31 21:40:27,2017-11-01 21:50:21,2017-11-06 22:22:39,2017-11-13 18:07:11,2017-11-29
ced669a0f18cc433701f1011449b80fe,70f455685561519d6a7770423cbb01ee,delivered,2018-06-26 16:58:56,2018-06-26 18:18:21,2018-06-27 10:17:00,2018-06-29 16:48:46,2018-07-11
9682a979182968d8d0b1a356f8bb330e,d6e5a4173470d0e38dcff1153aba6397,delivered,2017-05-25 10:05:42,2017-05-26 10:15:12,2017-05-26 15:04:40,2017-06-16 22:42:35,2017-06-29
32f7f9fd01c6b5592202b48442caa441,db1f2c9256482f22307b39827a99f732,delivered,2017-08-10 21:05:35,2017-08-10 21:15:20,2017-08-11 20:48:05,2017-08-22 12:44:18,2017-09-08
544bad401327a8f0de6786c7ccd73c8b,3663cf3c9fafa9cc511c4d990ea35326,delivered,2017-04-30 19:25:23,2017-04-30 20:00:07,2017-05-04 13:14:08,2017-05-17 15:32:56,2017-05-23
0452166f3b0d8e378179ecea1efdfe05,f9ea98973ad5377b86d588b734afda06,delivered,2018-08-10 11:25:41,2018-08-10 11:35:23,2018-08-13 15:13:00,2018-08-14 22:44:56,2018-08-16
343ee80178e16012130cb0007eac5888,aeed83f14583aecd0c82d49c45a833a8,delivered,2017-11-25 16:16:35,2017-11-25 16:32:57,2017-11-29 23:12:14,2017-12-20 20:27:38,2017-12-22
43ada20efaad1c2c55197dd39050267f,df56491c32230f0ef86a5c35dac4e0e8,delivered,2017-12-21 17:01:47,2017-12-21 18:12:33,2017-12-22 23:38:29,2018-01-03 21:34:07,2018-01-18
3b9de7cf25713aac3ab7e5cc48d83983,4233f443bac7d7de2c4e6782763fa516,delivered,2017-07-20 10:38:58,2017-07-20 10:55:11,2017-07-21 18:22:58,2017-08-09 17:42:52,2017-08-22
1aa78d3a94e9d8054d63fd230c076bf6,07c7380ec99877459637515df52ee55a,delivered,2017-11-24 18:49:41,2017-11-24 22:14:11,2017-11-28 00:12:11,2017-11-29 17:09:17,2017-12-08
c9abb9f3b4b71b87bfbc5645a02cf8cc,72430ca7638959110ed1dcc035402546,delivered,2018-04-16 17:14:02,2018-04-16 18:33:55,2018-04-17 12:51:09,2018-04-23 19:26:30,2018-05-09
17b64a39e956f1ff14d42a2f76a37305,6b170d60eabcac609caaaf419e9e57f1,delivered,2018-01-19 15:56:19,2018-01-19 16:15:06,2018-01-23 21:48:50,2018-02-08 23:54:29,2018-03-22
d33a24a5ea67f8f5a06b0a32e53f3acf,5681c6fa141b43aaa13277dd0fd30b76,delivered,2017-05-16 11:15:51,2017-05-17 04:10:25,2017-05-17 14:37:03,2017-05-23 10:42:20,2017-06-07
6c04516be61ae90e04756c3290c405b7,e67ca606dd04696d0ab6e2ed2d63a126,delivered,2017-09-24 14:59:52,2017-09-24 15:15:11,2017-09-25 20:51:31,2017-09-27 14:56:07,2017-10-20
bb95c9f509ff2da87b6015a0d9046f0f,8e7952773b680825d0c65e05592440e7,delivered,2018-05-05 16:47:08,2018-05-08 04:15:29,2018-05-09 11:06:00,2018-05-14 18:42:36,2018-05-24
5c1a7adae63c3dd38c445817f9947cf2,a55b85ff2960e23e05447c3c371899b0,delivered,2018-03-16 11:11:42,2018-03-17 02:40:36,2018-03-20 00:37:45,2018-03-26 14:17:37,2018-04-05
d61fb054800247ebeef5200e8bf9c9bd,544df65cf6b7f2cc5d7637b4189edc50,delivered,2018-01-02 23:26:09,2018-01-02 23:50:39,2018-01-06 00:25:44,2018-01-13 11:27:04,2018-02-01
5bb8d2fbca419676d395687e28f5263b,bff5a17c6a2c64100921da9fe9591a43,delivered,2018-07-12 12:44:14,2018-07-12 14:10:14,2018-07-13 06:52:00,2018-07-23 19:08:52,2018-08-01
fb7b22bb2a29860909a25f91510e4292,c0ba81c65bd30a9c04cd3650c0dbed36,delivered,2018-08-22 15:50:50,2018-08-23 02:45:19,2018-08-24 19:02:00,2018-08-27 17:11:39,2018-08-30
aca5ef1d6df08d476703f538ba867594,ca2138bd02478a64b51c063c4bb7fd8c,delivered,2017-03-28 23:49:12,2017-03-29 01:15:46,2017-03-29 15:37:43,2017-04-07 17:08:13,2017-04-19
6d8d35fe33dba5876a6748e641de5058,e18a73e99813ab848fe50a216642fbb5,delivered,2017-12-16 23:02:31,2017-12-19 09:50:45,2017-12-20 21:57:08,2017-12-27 14:06:43,2018-01-11
0ae4456639dd07164db5f2433c8f55e4,c991372fe4a2b75d9c43c318062c1f97,delivered,2018-06-06 12:44:20,2018-06-06 12:55:34,2018-06-07 14:01:00,2018-06-08 16:40:58,2018-07-03
22a1a580ac153c5e2f469d27ad6a4e3d,b9662bb6c6a36059b08d2ade7f499d65,delivered,2018-04-15 13:45:06,2018-04-15 13:55:18,2018-04-16 22:13:32,2018-04-23 21:28:42,2018-05-09
19aeea45917083f03541b7d11afc8e2b,afc216c58cdbe8ed9cebe1495b155a86,delivered,2018-06-11 19:19:29,2018-06-11 19:41:01,2018-06-14 13:30:00,2018-06-22 20:48:43,2018-07-19
a22775141b5e773fb0dec808e36bf9f4,9596cd16cfef60f8c7ec8c8d78d008f4,delivered,2018-08-03 09:47:50,2018-08-04 04:15:37,2018-08-09 12:12:00,2018-08-22 23:41:44,2018-08-30
51879b7474407f56048b6c36cc3e263c,82141426f5565b47a8b8433342024da7,delivered,2018-07-25 21:44:59,2018-07-25 22:15:07,2018-07-26 11:12:00,2018-08-20 11:52:13,2018-08-08
fb469bc8a14b598d891a004c34546078,8cfccb3fb973f58b56ba50e213092e4c,delivered,2017-11-29 18:11:24,2017-11-29 18:37:23,2017-12-04 14:37:08,2017-12-08 16:03:13,2017-12-26
2beb7e011571a837462a006a779881e8,a26d969df103529ca7d2dc3b8f8a1e5a,delivered,2017-07-24 15:37:15,2017-07-25 15:45:14,2017-07-26 19:17:47,2017-08-04 18:13:41,2017-08-15
91ad6a8d591e94d9e1ca998185243e2d,941a225471304a6c4d1e3694b7a19220,delivered,2017-12-17 17:54:00,2017-12-17 18:09:53,2017-12-18 19:57:18,2018-01-05 19:59:03,2018-01-11
b7c3462b308e3d9d375ba7d120ee0893,c445359b5a2478c8b99696562ad4a2fd,delivered,2017-04-04 19:41:58,2017-04-04 19:50:22,2017-04-06 12:48:17,2017-04-20 08:48:03,2017-05-15
29d3f2fc23b7f95b28dbe5e3ef783d93,cb3ee5f55f9cbc6ed99ee638a4c72613,delivered,2018-08-06 13:51:30,2018-08-06 14:05:20,2018-08-07 11:47:00,2018-08-13 19:12:47,2018-08-17
f939e2a89376e44158657a15465cacce,ec980872eea3778facea3e17ec48107c,delivered,2018-01-08 16:02:04,2018-01-09 07:25:32,2018-02-17 02:21:38,2018-04-03 17:38:54,2018-03-19
72c81a6a9dcf354f87393c361caa13ce,1cd146c5b0b02ca65ae036c0dfcc2f3f,delivered,2018-07-20 15:56:15,2018-07-21 15:50:12,2018-07-23 11:39:00,2018-07-24 18:30:46,2018-07-30
e592e00712df4f05bd73ad01993c0251,041c1b581b3d75b637507c4bc0e4905f,delivered,2018-04-29 16:27:58,2018-04-29 16:54:26,2018-04-30 14:24:00,2018-05-07 18:08:39,2018-05-18
5662e7f8bbc6abe55e104ac06994a731,b253ab4ce264a72304410c04d66e3908,delivered,2017-10-02 11:56:39,2017-10-02 12:07:21,2017-10-02 19:05:32,2017-10-18 16:22:50,2017-10-31
93881917b8e0f2bf11eec7abbbfe43ec,5c78528de7bc16285f19af96fce88f02,unavailable,2018-08-11 21:38:00,2018-08-11 21:50:11,,,2018-08-21
7e28a3542ea8306e42298ea3718222ee,b14a788b10030beb7ea368ea345caf7e,delivered,2017-12-16 16:38:38,2017-12-16 16:53:45,2017-12-20 19:11:03,2017-12-26 15:33:19,2018-01-11
6423db30ee1e8cbd5d066f414bde1a0e,fd50af22f5637b7daafbab8605f402ef,delivered,2018-04-21 22:47:17,2018-04-24 18:06:56,2018-04-24 01:17:48,2018-04-26 09:08:40,2018-05-17
6bdf9b89e5c81ead45dbc0a260dfbf13,2c4bf1b6bbd370f8ce5380fd47458fd6,delivered,2017-09-20 13:05:16,2017-09-20 13:25:47,2017-09-20 19:32:55,2017-09-29 19:53:03,2017-10-05
e62c3201015050463bc2e3b6599a6bc5,1d811f8b00a528ee91e12ddcd26e958a,delivered,2018-02-27 14:44:44,2018-02-27 14:55:38,2018-02-28 17:52:06,2018-04-24 23:04:15,2018-03-20
e45620eb46de3b95c078fb17e75db83e,a539b9d6f9045415d847df7fd525d2bd,delivered,2018-06-11 12:41:01,2018-06-11 12:59:44,2018-06-15 16:32:00,2018-07-11 19:27:47,2018-07-24
0f1c3e42f560452d091c6906f9accb48,21691bb6e6986524cbbaa74ce9086c98,delivered,2018-03-29 18:48:31,2018-03-29 19:08:11,2018-04-03 01:32:56,2018-04-13 15:33:32,2018-04-23
f644bc7cdc4cf0854f50017d5ccfff50,99e92a4ae3b87639d2b55ee0319dee00,delivered,2018-08-09 10:54:00,2018-08-09 15:25:22,2018-08-10 15:05:00,2018-08-13 16:41:48,2018-08-15
31c97425f34d48507d57e56e0ec2986b,11ead7c657fc4f2412db1babe52d1619,delivered,2017-09-03 19:49:03,2017-09-03 20:03:45,2017-09-06 16:42:30,2017-09-16 16:13:54,2017-09-25
2e823fe077401bf3d30b8a47e324571f,3e4d5f8f67400f2829ce7e9dec5ecb78,invoiced,2017-02-15 14:38:14,2017-02-15 14:50:17,,,2017-03-22
9d7798901074855d45d6c586a0714942,dc7d9d7ec0b6cbadacf27e3308c17976,delivered,2017-04-20 09:22:08,2017-04-20 09:35:17,2017-04-20 11:21:46,2017-04-28 12:29:14,2017-05-12
2e2df9453ec3bb97026c38881ecf83c4,1379a4317cf069d7e8bbb40a7330d02d,delivered,2017-04-28 14:32:30,2017-04-28 14:45:16,2017-05-04 13:49:50,2017-05-15 10:06:11,2017-06-01
378d1ac3d8e22dd46990757398ae8500,001df1ee5c36767aa607001ab1a13a06,delivered,2018-08-05 23:14:45,2018-08-05 23:30:13,2018-08-07 11:21:00,2018-08-10 18:52:44,2018-08-10
c5f692a4e47f015faa3f8a9b9d36aa03,eb3d937e14cd9040b4841334e8a12f0b,delivered,2017-07-31 17:36:20,2017-08-02 03:05:26,2017-08-03 19:17:36,2017-08-10 21:17:34,2017-08-24
cd6d5ca28fe5c4aabf7aec6f2968bd49,a716b6eccbe4faea73f0d19022e377bc,delivered,2017-11-28 21:10:55,2017-11-28 21:36:22,2017-12-01 14:35:10,2017-12-18 22:24:49,2017-12-18
fa82d85bb112828230b13452cbd18595,2ee4ab7bce291f4adeec13705aaccb78,delivered,2017-10-26 18:44:28,2017-10-26 18:55:06,2017-10-27 20:18:35,2017-10-31 16:48:01,2017-11-08
499779bd7b24368c556437767a73189c,528c4e8a1b6092d20f796e66dd90c3fd,delivered,2017-10-31 18:53:11,2017-11-01 19:06:45,2017-11-04 05:47:36,2017-11-04 15:45:46,2017-11-10
2bc2d6094a9d3a086277687c589123af,1300309886aad22fdd4ed0f2d088cb3e,delivered,2018-03-31 15:54:55,2018-03-31 16:10:18,2018-04-03 19:38:37,2018-04-13 21:12:03,2018-04-25
b2da70916ed4e4cde3df9e1381154631,3031f51fc039076cb3843d4eca6a6fc6,delivered,2017-12-19 16:18:24,2017-12-19 17:19:22,2017-12-20 20:09:52,2017-12-27 21:17:25,2018-01-19
c69e067f9b64eea56517834d123baf0e,ba5bcfbc3a5e2dfa78d63431c45c9f27,delivered,2018-02-22 17:35:01,2018-02-22 17:55:25,2018-02-27 17:20:01,2018-03-07 22:28:30,2018-03-16
49268496ecf8148bd16540c2a23c6c70,ffaa23e5ad898d7e2b73cd716dcbc43a,delivered,2017-01-19 23:12:08,2017-01-19 23:25:11,2017-02-01 18:06:52,2017-02-01 18:06:52,2017-02-15
1af76094e8921f4fe77e6ccc5878f313,1964cbc4f686c7de6ced7a1e10479987,delivered,2018-02-15 16:08:06,2018-02-15 16:46:38,2018-02-19 14:28:55,2018-02-20 15:03:57,2018-03-01
cf954e7391c1981cc9090267aec67ee9,72601f9936d6de055e5e2c1287c6d2f4,delivered,2018-04-19 08:26:03,2018-04-19 08:35:11,2018-04-27 12:30:00,2018-05-09 21:41:20,2018-05-09
1d93a1f67fad3e9c8db7cf8ba268c790,c4d041eb7396b376269facd39d1045b8,delivered,2017-12-09 23:58:26,2017-12-10 00:10:19,2017-12-11 21:07:02,2018-01-02 17:47:20,2018-01-09
b40a0752445a5228f3063cc30201bb11,15b359e85cd990ffbc6e10ef35ded3fb,delivered,2018-01-17 18:11:31,2018-01-17 18:19:22,2018-01-19 19:46:49,2018-01-26 19:55:44,2018-02-09
634adfa0f5cb0fd3a7c932f3b5b463fa,30a8b5ade8becba3f5886e3d984dabad,delivered,2017-09-09 08:45:10,2017-09-09 08:55:11,2017-09-13 21:44:59,2017-09-22 20:19:57,2017-10-02
31cee66926e60ce4e5af0e4b9e2886d7,235e370b48423c2e8fed39564743df8f,delivered,2017-12-02 08:50:05,2017-12-02 09:09:17,2017-12-04 20:10:22,2017-12-11 20:18:58,2017-12-29
e618cc48dc1a9bcbdb3f9743e25a36f1,bcf9a8df4d68e15e629cbfb6d57458ac,delivered,2018-07-04 17:09:05,2018-07-05 16:25:46,2018-07-05 12:50:00,2018-07-10 21:16:38,2018-07-23
ee02ac266a995c96fa748ee29a6986aa,e3298156bce8173bef2a1711f27f6242,delivered,2018-05-11 23:41:58,2018-05-15 03:35:13,2018-05-17 14:17:00,2018-05-22 22:40:40,2018-06-06
1daadb218e1c16168ce3c3888ade376c,e82808bc00d7a537dd141d2979b9398f,delivered,2017-03-14 18:21:21,2017-03-14 18:21:21,2017-03-15 07:20:17,2017-03-23 17:18:15,2017-04-12
696f162404ac464c3b87a9b64ae1fd29,3c2d8207d2ad37609ef4c2a840605ccb,delivered,2017-12-26 21:50:31,2017-12-28 02:35:21,2017-12-29 20:35:08,2018-01-08 18:11:59,2018-01-19
be5c91507e2c4ef294ee991d22b2d8e2,b8625aa8f28a89a33efe989f14d9fe29,delivered,2017-11-29 16:39:11,2017-11-29 18:12:34,2017-11-30 18:23:17,2017-12-02 20:27:00,2017-12-13
0115abf6b892040abfdd5bdfcb6b2c51,55e24d33ade77f949c22b6e008801c15,delivered,2017-04-20 12:32:37,2017-04-21 05:10:46,2017-04-26 19:15:29,2017-05-15 11:51:50,2017-05-10
fcc0c3371e0af4947b6b4c013ecc6e35,fc3cadc0c1328b099cba58d281368351,delivered,2018-01-13 00:27:45,2018-01-13 00:58:33,2018-01-16 21:10:15,2018-02-02 20:06:43,2018-02-09
c307181fbf88d38d293774ca900cc802,95ae78e4053ce98e9f9aafed4b2ee1df,delivered,2018-04-15 20:21:25,2018-04-15 20:30:47,2018-04-17 15:21:38,2018-04-27 23:37:49,2018-05-14
3c952cb06605958c5ca2fc2d28f2c8c4,30e4344ec0ec69a326ec3526aa56ef55,delivered,2017-04-26 14:30:03,2017-04-26 14:42:14,2017-04-26 15:34:23,2017-05-05 11:42:18,2017-05-17
53649523b54a1a986fe35c9cbb2bd082,29a52f6b724455dee14a237a5a2aac5e,delivered,2017-07-18 13:09:28,2017-07-18 13:23:26,2017-07-24 19:06:39,2017-07-26 00:43:03,2017-08-10
1ade3ab91063ad2d577331b0258b1120,bbd1bf1c484de6d5996c11f0b44d7723,delivered,2018-07-03 10:53:44,2018-07-05 16:18:54,2018-07-04 08:43:00,2018-07-10 18:03:55,2018-08-09
cd408e86c9fe1cc69f5a38cc5be773bd,eb4dda0b74d4100a8fb5368702e48c7e,delivered,2018-08-16 14:34:23,2018-08-16 14:45:13,2018-08-17 15:49:00,2018-08-22 00:44:45,2018-08-29
c9e34cb3b2bd60fe61896bef7a946678,cb8b25b7698ba72968a5defcae2a9834,delivered,2018-02-28 12:01:00,2018-02-28 12:15:32,2018-03-02 00:22:37,2018-03-06 16:19:03,2018-03-16
f8f5a61defba49f13a7e21a369026f04,061f51318d40630bda76e35b9a222fab,delivered,2017-10-18 11:13:23,2017-10-18 11:28:27,2017-10-20 11:26:48,2017-11-27 23:24:46,2017-11-10
3a97b29009aa1ec54a67fd256b762b14,83f98a31688d3ce5de0bc10d5c375ce0,delivered,2017-08-07 16:31:14,2017-08-07 17:03:29,2017-08-09 19:10:27,2017-08-22 17:46:12,2017-08-31
99f10393ec3328b3b416a154afd5d714,b593c249903e4280399e991fdbe8d7a3,delivered,2017-07-19 23:51:41,2017-07-20 00:45:20,2017-07-26 11:07:51,2017-08-04 18:06:08,2017-08-17
d8c441318d48082352e8592142db807c,2a5ed0328806da6241e75520ed74d9e6,delivered,2018-02-20 15:11:50,2018-02-20 15:31:14,2018-02-24 00:32:20,2018-03-16 21:32:44,2018-03-12
385408894abaef5ea2b48046ca02f823,18e2faab25e5ef1ffc283ef3775b9a87,delivered,2018-02-15 11:26:54,2018-02-17 03:47:43,2018-02-21 16:55:08,2018-02-27 17:18:54,2018-03-08
a25b9ed9a3a53f53489c105482625129,22a7b639ea009c1e430eb43244204bda,delivered,2018-06-21 19:04:30,2018-06-21 19:21:35,2018-06-22 14:41:00,2018-06-25 15:56:52,2018-07-18
f7198d6fd9c02f8d7f7646b213376ddf,d32c1be9389b63d5e611ae874bf4403d,delivered,2018-02-24 21:15:18,2018-02-27 04:31:12,2018-02-27 19:33:48,2018-04-06 20:33:34,2018-03-19
57490284e3524fb4b1c4112fa966cbde,1badfbfeee64a427f1e3fcd009ddcee0,delivered,2018-06-19 23:20:37,2018-06-21 03:38:42,2018-06-21 13:40:00,2018-07-10 22:02:23,2018-07-18
bb102364b6a29f9f8683f21e5825595a,229d046873d7452a773c42e0f35916f9,delivered,2018-01-18 10:20:43,2018-01-18 10:31:31,2018-01-19 22:28:38,2018-01-23 15:07:12,2018-02-02
8c5c95d76d1bd802cde533288848d786,b3a679397fd9fc5140a33c5033458395,delivered,2018-01-20 12:38:11,2018-01-20 12:50:59,2018-01-23 03:13:18,2018-01-29 21:12:45,2018-02-15
7cbb15d12a1bb13fde596f305857b22e,70eb2dbf20da55dcfb3bbe2cb2cf1fe2,delivered,2018-03-30 15:19:20,2018-03-30 16:07:33,2018-04-04 18:54:49,2018-04-05 19:38:47,2018-04-12
e3ee317683c1cb4df51994ca63755d6d,5023bc2931283adb435a1ef20a8ae944,delivered,2018-05-15 11:44:29,2018-05-15 11:55:29,2018-05-16 14:28:00,2018-06-05 22:32:29,2018-06-07
3b1bf20520476dc7b150dd52f521e525,aea1dc2400dfb8eed8cc28b4f8f84faf,delivered,2017-05-24 21:39:01,2017-05-26 02:25:18,2017-05-26 17:53:52,2017-06-02 15:07:53,2017-06-16
e44411a5a41caaf23d52f1600d31d888,b443cbafebdbd5c74e00d344cd9924f3,delivered,2018-04-06 12:55:08,2018-04-06 13:09:08,2018-04-07 01:19:07,2018-04-09 15:21:19,2018-04-23
fbbd2baf2d839f10d73c99b4642ce46b,d6e5282ef68aa9ed7c6d9f38731872ff,delivered,2018-03-24 01:41:40,2018-03-25 01:35:29,2018-03-28 00:11:16,2018-04-12 21:42:39,2018-04-17
1dd524259037e53865e1fbee3697183b,1a13719d21dafc59a8a17846e0172f0f,delivered,2017-06-16 15:19:13,2017-06-16 15:30:33,2017-06-16 16:01:52,2017-06-23 11:48:38,2017-07-11
8ef3801f58da6b652a3082e1fa5b6589,5133dfd79e71fc9244e60dde0bb6229a,delivered,2018-03-11 09:17:14,2018-03-11 10:09:05,2018-03-14 17:41:11,2018-03-19 17:06:45,2018-03-28
b2b86f50f1d5ec8763fc9fc6894ac6c4,89fe1107a7a7a8e70a256454d3da5335,delivered,2018-08-01 19:51:31,2018-08-01 20:15:21,2018-08-02 14:49:00,2018-08-03 21:19:23,2018-08-06
12aab7cb25bc6ae86c66cb3e7dc35a76,d2e258817e38dd6847a2dead3bbafc05,delivered,2017-12-22 17:11:24,2017-12-22 17:31:56,2017-12-26 14:12:49,2018-01-03 11:16:06,2018-01-23
5953d2dd57f0e259f8b8489c37556e00,9cdd2de18cb0bfec28ca0c4babb6f253,delivered,2017-08-04 20:12:46,2017-08-04 20:25:14,2017-08-15 21:22:16,2017-08-24 20:45:32,2017-09-01
f00c74caaa25430b1fa361c158e8996a,e1ec5ddd749cd760a0c408a40ae5a4a3,delivered,2018-05-09 19:19:19,2018-05-09 19:35:32,2018-05-24 09:50:00,2018-06-20 13:35:46,2018-06-07
4cf6bc9c5e6ff30151bfb6f92f791b28,515dcc3641e65fbef358398ae6dc91cb,delivered,2017-06-23 20:43:32,2017-06-23 20:55:08,2017-06-26 14:22:47,2017-07-12 16:17:46,2017-07-25
e504f586e9ffc862cad95482af740af4,4d547b17f5dc533970786de8f7233eab,delivered,2017-04-09 19:10:24,2017-04-09 19:22:24,2017-04-10 08:40:05,2017-04-20 09:15:28,2017-05-24
f97b2bdfbaca9c2f04722d8cbc8cc8a5,3ba38209ae8f27771c90ec6b410f2043,delivered,2018-08-08 18:34:29,2018-08-08 18:45:20,2018-08-10 14:49:00,2018-08-16 22:31:44,2018-08-24
bb787d6e68f079fbf94e8df39219086d,47236502c05ba94b54a18feb382a6a59,delivered,2018-06-26 09:18:41,2018-06-26 09:37:51,2018-06-26 13:27:00,2018-07-04 20:22:33,2018-07-26
b38103e665600114e3155ab60ee0ef70,3ca581e4a4ee0b48467bb142750e2bfb,delivered,2018-07-22 18:02:20,2018-07-23 12:32:12,2018-07-24 15:50:00,2018-07-27 18:03:03,2018-08-09
32733fc014b67ef70fa6039dd8c6ba82,ad66699beab381d0747605f108cc02b4,delivered,2017-08-30 21:12:28,2017-08-31 02:50:24,2017-09-12 20:16:46,2017-09-25 17:53:23,2017-09-22
32339685fefe9062d33175a4bc12d555,b5ea05c72a89dbe101d94083e18df207,delivered,2017-01-22 20:25:54,2017-01-22 20:35:09,2017-01-24 16:16:14,2017-01-28 04:04:57,2017-02-28
09a0d7c2cc6f652acd3537e7a91c7000,9462d88d82a551270b7c345a53aac7f2,delivered,2017-05-15 14:08:00,2017-05-15 14:15:23,2017-05-16 15:18:40,2017-05-19 12:59:39,2017-06-02
abd7d619de0d42df3a64707190c05bb6,1f72dd32d17ef87a76bb334c45094010,delivered,2018-07-07 09:21:43,2018-07-07 14:05:47,2018-07-27 11:03:00,2018-08-03 16:46:39,2018-08-13
558731462aceb9588378c7c19194d2db,4d916e585f3bb295dbc15dafaeaae8ed,delivered,2018-05-10 14:00:11,2018-05-10 14:16:26,2018-05-17 13:29:00,2018-05-18 16:59:56,2018-06-07
f55863be6758b60482c4bdfa3cd016ed,be914b8a12f44c21a6a7070f585e2e42,delivered,2017-12-07 14:24:06,2017-12-07 15:25:52,2017-12-12 21:19:07,2018-01-05 19:43:21,2018-01-31
4cdf8813fc5f4c3d74041453f606868c,d6e011b818659fed8cfa433ec3bee9fe,delivered,2017-10-10 10:08:32,2017-10-10 10:26:55,2017-10-23 17:46:35,2017-10-27 19:44:55,2017-10-23
4ed3b57567c08a15c71665d759230b6f,3488c223952176954f711d33db8c20a4,delivered,2017-12-09 01:49:39,2017-12-11 01:50:03,2017-12-12 22:54:36,2017-12-23 15:09:09,2018-01-08
a67f04f0a3022835f86664a0070fe36e,686427538716525c9b1b699caa2bd8f7,delivered,2017-07-18 13:02:39,2017-07-19 07:10:12,2017-07-20 19:06:00,2017-07-26 17:13:00,2017-08-10
fb66173878dcc988e4e3e1151901b298,5add6659c12e55e5d6379c8ce5786512,delivered,2018-01-25 23:02:11,2018-01-25 23:14:27,2018-02-01 23:29:00,2018-02-28 22:03:06,2018-02-22
249ec92a8757d3abe81210827a19f08f,0fd9e022d3e82c6e05d0104ce129466c,delivered,2018-06-15 10:36:49,2018-06-15 10:57:42,2018-06-18 15:27:00,2018-06-19 19:57:19,2018-07-03
573cdc3b8d7f43d865aba5fbbc888802,1d4ed7b29c69512e9a142a6a5c52f5d0,delivered,2018-01-12 15:22:11,2018-01-12 15:30:30,2018-01-15 21:48:54,2018-01-31 21:48:10,2018-02-14
c263f74f0ce9f6d9e0f4608a22a67dfd,7dd4ca386e9a4add580925c77a483225,delivered,2018-05-08 08:46:56,2018-05-08 09:09:47,2018-05-08 15:28:00,2018-05-15 13:22:09,2018-06-06
8747a928f786c8b31e0afb1b815886bc,e6f40fd97b2ae5d03f8a2a211fa042b2,delivered,2017-11-12 20:48:29,2017-11-14 03:35:40,2017-11-21 13:49:08,2017-12-04 19:42:40,2017-12-01
e59dbfb7d81fd513f1ffa941fe849c57,affa1ae9fc01158bf723814d1dd9d0ce,delivered,2017-12-14 17:07:59,2017-12-14 17:31:55,2017-12-15 22:24:37,2017-12-22 16:49:06,2018-01-09
ce500b2ca0d960f937fb4d24282d3291,b77ef6aa11b50074739e74d4a78ae4a9,delivered,2017-01-27 12:15:07,2017-01-28 04:34:27,2017-01-31 10:05:13,2017-02-15 18:22:02,2017-03-02
95de62498e177002f6ef1949e2e788ea,80acb244f16eb759ec0bafcb47c21cce,delivered,2018-02-07 19:29:00,2018-02-07 20:32:16,2018-02-08 18:36:15,2018-02-16 22:37:18,2018-03-06
edd3d7495d5177045823010a1f6ac22a,fbf9c2e3c687f16df64422a9c855b8e2,delivered,2018-06-13 17:55:32,2018-06-13 18:23:23,2018-06-14 14:58:00,2018-06-20 15:08:38,2018-07-20
6813f213a0d422a84a0e231bffc5fda8,7d8fc5d1f066bc73c68e6c207878c1b4,delivered,2017-11-25 02:14:10,2017-11-25 02:54:28,2017-11-28 17:59:05,2017-12-04 16:58:57,2017-12-19
2bfd14409ba8ba1153ce42b2abc44bb8,9522d39cabd497bd4bc5fb1b226cd5cf,delivered,2017-12-18 17:43:43,2017-12-18 18:52:09,2017-12-19 19:04:27,2018-01-05 13:46:27,2018-01-18
2b9319f90cac6853394132c982ff27bf,835c64056c71ad9d093dc7166f22a8a8,delivered,2018-01-13 13:53:39,2018-01-16 03:51:17,2018-01-20 00:13:00,2018-02-08 13:03:23,2018-02-19
